{
	"credit": "Made with Blockbench",
	"parent": "farmers3d/3d_model",
	"textures": {
		"center_texture": "#center",
		"inner_texture": "#inner",
		"side_texture": "#side",
		"top_texture": "#top",
		"particle": "#inner"
	},
	"elements": [
		{
			"from": [7, 0, 6],
			"to": [7.5, 2, 10],
			"rotation": {"angle": 22.5, "axis": "y", "origin": [7.5, 1, 8]},
			"faces": {
				"west": {"uv": [3, 12, 11, 16], "texture": "#inner_texture"},
				"up": {"uv": [15, 0, 16, 8], "texture": "#center_texture"},
				"down": {"uv": [14, 8, 15, 0], "texture": "#center_texture"}
			}
		},
		{
			"from": [8.5, 0, 6],
			"to": [9, 2, 10],
			"rotation": {"angle": -22.5, "axis": "y", "origin": [8.5, 1, 8]},
			"faces": {
				"east": {"uv": [5, 12, 13, 16], "texture": "#inner_texture"},
				"up": {"uv": [15, 0, 16, 8], "texture": "#center_texture"},
				"down": {"uv": [14, 8, 15, 0], "texture": "#center_texture"}
			}
		},
		{
			"from": [7.80343, 0, 9.5391],
			"to": [8.19657, 2, 10.0391],
			"rotation": {"angle": 0, "axis": "y", "origin": [6.19657, 1, 9.5391]},
			"faces": {
				"south": {"uv": [10, 12, 11, 16], "texture": "#inner_texture"},
				"up": {"uv": [15, 7, 16, 8], "rotation": 90, "texture": "#center_texture"},
				"down": {"uv": [14, 7, 15, 8], "rotation": 270, "texture": "#center_texture"}
			}
		},
		{
			"from": [4.28544, 0.0005, 4.43259],
			"to": [8.61251, 1.9995, 8.75956],
			"rotation": {"angle": 45, "axis": "y", "origin": [7.92442, 0.9, 5.01379]},
			"faces": {
				"up": {"uv": [0, 0, 8, 8], "rotation": 90, "texture": "#center_texture"},
				"down": {"uv": [16, 8, 8, 16], "rotation": 90, "texture": "#center_texture"}
			}
		},
		{
			"from": [6.75, 0.001, 6.34358],
			"to": [9.25, 1.999, 10.59358],
			"rotation": {"angle": 0, "axis": "y", "origin": [9.41167, 1.1505, 6.92478]},
			"faces": {
				"up": {"uv": [0, 8, 4, 16], "texture": "#center_texture"},
				"down": {"uv": [4, 16, 8, 8], "texture": "#center_texture"}
			}
		},
		{
			"from": [6.27269, 0, 5.84358],
			"to": [9.72731, 2.25, 6.34358],
			"rotation": {"angle": 0, "axis": "y", "origin": [4.66584, 1, 5.84358]},
			"faces": {
				"north": {"uv": [2, 12, 8, 16], "texture": "#side_texture"},
				"east": {"uv": [13, 12, 14, 16], "texture": "#inner_texture"},
				"south": {"uv": [2, 12, 8, 13], "texture": "#side_texture"},
				"west": {"uv": [2, 12, 3, 16], "texture": "#inner_texture"},
				"up": {"uv": [2, 2, 8, 3], "texture": "#top_texture"},
				"down": {"uv": [2, 15, 8, 16], "texture": "#side_texture", "cullface": "down"}
			}
		}
	],
	"gui_light": "front",
	"display": {
		"thirdperson_righthand": {
			"rotation": [75, -105, 0],
			"translation": [0, 2.25, 5],
			"scale": [0.6, 0.6, 0.6]
		},
		"thirdperson_lefthand": {
			"rotation": [75, -105, 0],
			"translation": [0, 2.25, 5],
			"scale": [0.6, 0.6, 0.6]
		},
		"firstperson_righthand": {
			"rotation": [0, -75, 0],
			"translation": [-4, 9.5, 5],
			"scale": [0.75, 0.75, 0.75]
		},
		"firstperson_lefthand": {
			"rotation": [0, -75, 0],
			"translation": [-4, 9.5, 5],
			"scale": [0.75, 0.75, 0.75]
		},
		"ground": {
			"translation": [0, 5, 0]
		},
		"gui": {
			"rotation": [37, -40, 0],
			"translation": [-1, 9, 0],
			"scale": [2, 2, 2]
		},
		"fixed": {
			"rotation": [0, 180, 0],
			"translation": [0, 11.55, 0],
			"scale": [2, 2, 2]
		}
	}
}