{
	"credit": "Made with Blockbench",
	"parent": "farmers3d/thin_block",
	"textures": {
		"particle": "#bacon"
	},
	"elements": [
		{
			"from": [5.5, 1, 5],
			"to": [7.5, 2, 8],
			"rotation": {"angle": 0, "axis": "y", "origin": [5.5, 1, 5]},
			"faces": {
				"north": {"uv": [10, 4, 11, 0], "rotation": 270, "texture": "#bacon"},
				"east": {"uv": [7, 3, 10, 4], "texture": "#bacon"},
				"south": {"uv": [7, 0, 8, 4], "rotation": 270, "texture": "#bacon"},
				"west": {"uv": [7, 1, 10, 0], "texture": "#bacon"},
				"up": {"uv": [7, 0, 10, 4], "rotation": 270, "texture": "#bacon"},
				"down": {"uv": [9, 0, 15, 4], "rotation": 270, "texture": "#bacon"}
			}
		},
		{
			"from": [5.5, 1, 1],
			"to": [7.5, 2, 3],
			"rotation": {"angle": 0, "axis": "y", "origin": [5.5, 1, 0]},
			"faces": {
				"north": {"uv": [14, 4, 16, 0], "rotation": 270, "texture": "#bacon"},
				"east": {"uv": [14, 3, 16, 4], "texture": "#bacon"},
				"south": {"uv": [11, 0, 13, 4], "rotation": 270, "texture": "#bacon"},
				"west": {"uv": [14, 0, 16, 1], "texture": "#bacon"},
				"up": {"uv": [14, 0, 16, 4], "rotation": 270, "texture": "#bacon"},
				"down": {"uv": [0, 0, 4, 4], "rotation": 270, "texture": "#bacon"}
			}
		},
		{
			"from": [5.5, 1, 10],
			"to": [7.5, 2, 13],
			"rotation": {"angle": 0, "axis": "y", "origin": [5.5, 1, 11]},
			"faces": {
				"north": {"uv": [5, 4, 6, 0], "rotation": 270, "texture": "#bacon"},
				"east": {"uv": [2, 3, 5, 4], "texture": "#bacon"},
				"south": {"uv": [2, 0, 3, 4], "rotation": 270, "texture": "#bacon"},
				"west": {"uv": [5, 0, 2, 1], "texture": "#bacon"},
				"up": {"uv": [2, 0, 5, 4], "rotation": 270, "texture": "#bacon"},
				"down": {"uv": [2, 0, 8, 4], "rotation": 270, "texture": "#bacon"}
			}
		},
		{
			"from": [5.5, 0, 2],
			"to": [7.5, 1, 6],
			"rotation": {"angle": 0, "axis": "y", "origin": [5.5, 0, 2]},
			"faces": {
				"north": {"uv": [14, 4, 12, 0], "rotation": 270, "texture": "#bacon"},
				"east": {"uv": [14, 3, 9, 4], "texture": "#bacon"},
				"south": {"uv": [10, 0, 9, 4], "rotation": 270, "texture": "#bacon"},
				"west": {"uv": [9, 0, 14, 1], "texture": "#bacon"},
				"up": {"uv": [14, 0, 9, 4], "rotation": 270, "texture": "#bacon"},
				"down": {"uv": [16, 0, 8, 4], "rotation": 270, "texture": "#bacon"}
			}
		},
		{
			"from": [5.5, 0, 8],
			"to": [7.5, 1, 11],
			"rotation": {"angle": 0, "axis": "y", "origin": [5.5, 0, 7]},
			"faces": {
				"north": {"uv": [8, 4, 6, 0], "rotation": 270, "texture": "#bacon"},
				"east": {"uv": [4, 3, 7, 4], "texture": "#bacon"},
				"south": {"uv": [5, 0, 3, 4], "rotation": 270, "texture": "#bacon"},
				"west": {"uv": [4, 1, 7, 0], "texture": "#bacon"},
				"up": {"uv": [4, 0, 7, 4], "rotation": 270, "texture": "#bacon"},
				"down": {"uv": [0, 0, 6, 4], "rotation": 270, "texture": "#bacon"}
			}
		},
		{
			"from": [5.5, 0, 13],
			"to": [7.5, 1, 15],
			"rotation": {"angle": 0, "axis": "y", "origin": [5.5, 0, 13]},
			"faces": {
				"north": {"uv": [0, 4, 2, 0], "rotation": 270, "texture": "#bacon"},
				"east": {"uv": [0, 3, 2, 4], "texture": "#bacon"},
				"south": {"uv": [0, 0, 1, 4], "rotation": 270, "texture": "#bacon"},
				"west": {"uv": [0, 0, 2, 1], "texture": "#bacon"},
				"up": {"uv": [0, 0, 2, 4], "rotation": 270, "texture": "#bacon"},
				"down": {"uv": [0, 0, 4, 4], "rotation": 270, "texture": "#bacon"}
			}
		},
		{
			"from": [8.5, 1, 8],
			"to": [10.5, 2, 12],
			"rotation": {"angle": 0, "axis": "y", "origin": [8.5, 1, 7]},
			"faces": {
				"north": {"uv": [8, 8, 9, 4], "rotation": 270, "texture": "#bacon"},
				"east": {"uv": [5, 7, 9, 8], "texture": "#bacon"},
				"south": {"uv": [4, 4, 5, 8], "rotation": 270, "texture": "#bacon"},
				"west": {"uv": [0, 0, 1, 1], "rotation": 270, "texture": "#bacon"},
				"up": {"uv": [5, 4, 9, 8], "rotation": 270, "texture": "#bacon"},
				"down": {"uv": [5, 4, 9, 8], "rotation": 270, "texture": "#bacon"}
			}
		},
		{
			"from": [8.5, 1, 3],
			"to": [10.5, 2, 5],
			"rotation": {"angle": 0, "axis": "y", "origin": [8.5, 1, 2]},
			"faces": {
				"north": {"uv": [13, 8, 14, 4], "rotation": 270, "texture": "#bacon"},
				"east": {"uv": [12, 7, 14, 8], "texture": "#bacon"},
				"south": {"uv": [12, 4, 13, 8], "rotation": 270, "texture": "#bacon"},
				"west": {"uv": [0, 0, 1, 1], "rotation": 270, "texture": "#bacon"},
				"up": {"uv": [12, 4, 14, 8], "rotation": 270, "texture": "#bacon"},
				"down": {"uv": [12, 4, 14, 8], "rotation": 270, "texture": "#bacon"}
			}
		},
		{
			"from": [8.5, 0, 1],
			"to": [10.5, 1, 3],
			"rotation": {"angle": 0, "axis": "y", "origin": [8.5, 0, -1]},
			"faces": {
				"north": {"uv": [15, 8, 16, 4], "rotation": 270, "texture": "#bacon"},
				"east": {"uv": [14, 7, 16, 8], "texture": "#bacon"},
				"south": {"uv": [14, 4, 15, 8], "rotation": 270, "texture": "#bacon"},
				"west": {"uv": [0, 0, 1, 1], "rotation": 270, "texture": "#bacon"},
				"up": {"uv": [14, 4, 16, 8], "rotation": 270, "texture": "#bacon"},
				"down": {"uv": [14, 4, 16, 8], "rotation": 270, "texture": "#bacon"}
			}
		},
		{
			"from": [8.5, 0, 5],
			"to": [10.5, 1, 8],
			"rotation": {"angle": 0, "axis": "y", "origin": [8.5, 0, 4]},
			"faces": {
				"north": {"uv": [11, 8, 12, 4], "rotation": 270, "texture": "#bacon"},
				"east": {"uv": [9, 7, 12, 8], "texture": "#bacon"},
				"south": {"uv": [8, 4, 9, 8], "rotation": 270, "texture": "#bacon"},
				"west": {"uv": [0, 0, 1, 1], "rotation": 270, "texture": "#bacon"},
				"up": {"uv": [9, 4, 12, 8], "rotation": 270, "texture": "#bacon"},
				"down": {"uv": [9, 4, 12, 8], "rotation": 270, "texture": "#bacon"}
			}
		},
		{
			"from": [8.5, 0, 11],
			"to": [10.5, 1, 15],
			"rotation": {"angle": 0, "axis": "y", "origin": [8.5, 0, 12]},
			"faces": {
				"north": {"uv": [6, 8, 7, 4], "rotation": 270, "texture": "#bacon"},
				"east": {"uv": [0, 7, 5, 8], "texture": "#bacon"},
				"south": {"uv": [0, 4, 1, 8], "rotation": 270, "texture": "#bacon"},
				"west": {"uv": [0, 0, 1, 1], "rotation": 270, "texture": "#bacon"},
				"up": {"uv": [0, 4, 5, 8], "rotation": 270, "texture": "#bacon"},
				"down": {"uv": [0, 4, 5, 8], "rotation": 270, "texture": "#bacon"}
			}
		}
	],
	"gui_light": "front",
	"display": {
		"thirdperson_righthand": {
			"rotation": [100, 0, 0],
			"translation": [0, 2.5, 5],
			"scale": [0.5, 0.5, 0.5]
		},
		"firstperson_righthand": {
			"rotation": [45, 0, 0],
			"translation": [0, 4, 4],
			"scale": [0.5, 0.5, 0.5]
		},
		"ground": {
			"translation": [0, 3, 0],
			"scale": [0.5, 0.5, 0.5]
		},
		"gui": {
			"rotation": [30, -45, 0],
			"translation": [0, 4, 0]
		},
		"head": {
			"rotation": [-90, 90, 0],
			"translation": [0, -4, -14]
		},
		"fixed": {
			"translation": [0, 3.85, 0]
		}
	}
}