{
	"credit": "Made with Blockbench",
	"parent": "farmers3d/thin_block",
	"textures": {
		"texture": "#mutton_chop",
		"particle": "#mutton_chop"
	},
	"elements": [
		{
			"from": [3.5, 0, 5],
			"to": [7.5, 2, 11],
			"rotation": {"angle": 0, "axis": "y", "origin": [4.5, 0, 4]},
			"faces": {
				"north": {"uv": [9, 12, 13, 14], "texture": "#texture"},
				"east": {"uv": [0, 12, 9, 14], "texture": "#texture"},
				"south": {"uv": [9, 14, 13, 16], "texture": "#texture"},
				"west": {"uv": [0, 14, 9, 16], "texture": "#texture"},
				"up": {"uv": [8, 9, 0, 0], "texture": "#texture"},
				"down": {"uv": [16, 0, 8, 9], "texture": "#texture", "cullface": "down"}
			}
		},
		{
			"from": [4.5, 0.5, 11],
			"to": [6.5, 4.5, 12],
			"rotation": {"angle": 22.5, "axis": "x", "origin": [5.5, 3, 11.5]},
			"faces": {
				"north": {"uv": [13, 12, 15, 16], "texture": "#texture"},
				"east": {"uv": [13, 12, 14, 16], "texture": "#texture"},
				"south": {"uv": [15, 12, 13, 16], "texture": "#texture"},
				"west": {"uv": [14, 12, 15, 16], "texture": "#texture"},
				"up": {"uv": [15, 12, 13, 13], "texture": "#texture"}
			}
		},
		{
			"from": [5.5, 4.1194, 12.91342],
			"to": [6.5, 5.1194, 13.91342],
			"rotation": {"angle": 22.5, "axis": "x", "origin": [5.5, 7.6194, 13.41342]},
			"faces": {
				"north": {"uv": [15, 12, 16, 13], "texture": "#texture"},
				"east": {"uv": [15, 12, 16, 13], "texture": "#texture"},
				"south": {"uv": [15, 12, 16, 13], "texture": "#texture"},
				"west": {"uv": [15, 12, 16, 13], "texture": "#texture"},
				"up": {"uv": [15, 12, 16, 13], "texture": "#texture"}
			}
		},
		{
			"from": [4.5, 0, 4],
			"to": [6.5, 2, 5],
			"rotation": {"angle": 0, "axis": "y", "origin": [9.5, 0, -2]},
			"faces": {
				"north": {"uv": [9, 12, 13, 14], "texture": "#texture"},
				"east": {"uv": [10, 12, 9, 14], "texture": "#texture"},
				"west": {"uv": [12, 12, 13, 14], "texture": "#texture"},
				"up": {"uv": [10, 14, 9, 12], "rotation": 270, "texture": "#texture"},
				"down": {"uv": [10, 14, 9, 12], "rotation": 270, "texture": "#texture", "cullface": "down"}
			}
		},
		{
			"from": [8.5, 0, 5],
			"to": [12.5, 2, 11],
			"rotation": {"angle": 0, "axis": "y", "origin": [9.5, 0, 4]},
			"faces": {
				"north": {"uv": [13, 12, 9, 14], "texture": "#texture"},
				"east": {"uv": [9, 14, 0, 16], "texture": "#texture"},
				"south": {"uv": [13, 14, 9, 16], "texture": "#texture"},
				"west": {"uv": [0, 12, 9, 14], "texture": "#texture"},
				"up": {"uv": [0, 9, 8, 0], "texture": "#texture"},
				"down": {"uv": [8, 0, 16, 9], "texture": "#texture", "cullface": "down"}
			}
		},
		{
			"from": [9.5, 0.5, 11],
			"to": [11.5, 4.5, 12],
			"rotation": {"angle": 22.5, "axis": "x", "origin": [10.5, 3, 11.5]},
			"faces": {
				"north": {"uv": [13, 12, 15, 16], "texture": "#texture"},
				"east": {"uv": [13, 12, 14, 16], "texture": "#texture"},
				"south": {"uv": [15, 12, 13, 16], "texture": "#texture"},
				"west": {"uv": [14, 12, 15, 16], "texture": "#texture"},
				"up": {"uv": [15, 12, 13, 13], "texture": "#texture"}
			}
		},
		{
			"from": [10.5, 4.1194, 12.91342],
			"to": [11.5, 5.1194, 13.91342],
			"rotation": {"angle": 22.5, "axis": "x", "origin": [10.5, 7.6194, 13.41342]},
			"faces": {
				"north": {"uv": [15, 12, 16, 13], "texture": "#texture"},
				"east": {"uv": [15, 12, 16, 13], "texture": "#texture"},
				"south": {"uv": [15, 12, 16, 13], "texture": "#texture"},
				"west": {"uv": [15, 12, 16, 13], "texture": "#texture"},
				"up": {"uv": [15, 12, 16, 13], "texture": "#texture"}
			}
		},
		{
			"from": [9.5, 0, 4],
			"to": [11.5, 2, 5],
			"rotation": {"angle": 0, "axis": "y", "origin": [14.5, 0, -2]},
			"faces": {
				"north": {"uv": [13, 12, 9, 14], "texture": "#texture"},
				"east": {"uv": [13, 12, 12, 14], "texture": "#texture"},
				"west": {"uv": [9, 12, 10, 14], "texture": "#texture"},
				"up": {"uv": [10, 12, 9, 14], "rotation": 270, "texture": "#texture"},
				"down": {"uv": [10, 12, 9, 14], "rotation": 270, "texture": "#texture", "cullface": "down"}
			}
		}
	],
	"display": {
		"firstperson_righthand": {
			"rotation": [0, 135, 0],
			"translation": [0, 7, 0]
		},
		"gui": {
			"rotation": [30, 145, 0],
			"translation": [0, 4.25, 0],
			"scale": [1.1, 1.1, 1.1]
		},
		"head": {
			"rotation": [-157.5, 0, -180],
			"translation": [0, 10.5, 0.5]
		},
		"fixed": {
			"translation": [0, 3.85, 0]
		}
	}
}