{
	"credit": "Made with Blockbench",
	"parent": "farmers3d/3d_model",
	"textures": {
		"dish": "farmers3d/dish"
	},
	"elements": [
		{
			"name": "bottom",
			"from": [4, 0, 4],
			"to": [12, 2, 12],
			"rotation": {"angle": 0, "axis": "y", "origin": [10, 0, 4]},
			"faces": {
				"north": {"uv": [0, 10, 8, 12], "texture": "#dish"},
				"east": {"uv": [8, 10, 0, 12], "texture": "#dish"},
				"south": {"uv": [0, 10, 8, 12], "texture": "#dish"},
				"west": {"uv": [8, 10, 0, 12], "texture": "#dish"},
				"up": {"uv": [0, 0, 8, 8], "texture": "#dish"},
				"down": {"uv": [8, 0, 16, 8], "texture": "#dish"}
			}
		},
		{
			"name": "west",
			"from": [4, 2, 5],
			"to": [5, 4, 11],
			"rotation": {"angle": 0, "axis": "y", "origin": [4, 0, 4]},
			"faces": {
				"east": {"uv": [6, 1, 8, 7], "rotation": 270, "texture": "#dish"},
				"west": {"uv": [7, 8, 1, 10], "texture": "#dish"},
				"up": {"uv": [7, 1, 8, 7], "texture": "#dish"}
			}
		},
		{
			"name": "east",
			"from": [11, 2, 5],
			"to": [12, 4, 11],
			"rotation": {"angle": 0, "axis": "y", "origin": [11, 0, 4]},
			"faces": {
				"east": {"uv": [7, 8, 1, 10], "texture": "#dish"},
				"west": {"uv": [2, 7, 0, 1], "rotation": 270, "texture": "#dish"},
				"up": {"uv": [0, 1, 1, 7], "texture": "#dish"}
			}
		},
		{
			"name": "north",
			"from": [4, 2, 4],
			"to": [12, 4, 5],
			"rotation": {"angle": 0, "axis": "y", "origin": [4, 0, 5]},
			"faces": {
				"north": {"uv": [0, 8, 8, 10], "texture": "#dish"},
				"east": {"uv": [0, 8, 1, 10], "texture": "#dish"},
				"south": {"uv": [8, 8, 0, 6], "texture": "#dish"},
				"west": {"uv": [7, 8, 8, 10], "texture": "#dish"},
				"up": {"uv": [0, 7, 8, 8], "texture": "#dish"}
			}
		},
		{
			"name": "south",
			"from": [4, 2, 11],
			"to": [12, 4, 12],
			"rotation": {"angle": 0, "axis": "y", "origin": [4, 0, 12]},
			"faces": {
				"north": {"uv": [8, 0, 0, 2], "texture": "#dish"},
				"east": {"uv": [7, 8, 8, 10], "texture": "#dish"},
				"south": {"uv": [0, 8, 8, 10], "texture": "#dish"},
				"west": {"uv": [0, 8, 1, 10], "texture": "#dish"},
				"up": {"uv": [0, 0, 8, 1], "texture": "#dish"}
			}
		}
	],
	"gui_light": "front",
	"display": {
		"thirdperson_righthand": {
			"rotation": [75, 135, 0],
			"translation": [0, 3.5, 3.5],
			"scale": [0.5, 0.5, 0.5]
		},
		"firstperson_righthand": {
			"rotation": [-180, 45, -180],
			"translation": [0, 6, 0]
		},
		"ground": {
			"translation": [0, 3, 0],
			"scale": [0.5, 0.5, 0.5]
		},
		"gui": {
			"rotation": [30, 160, 0],
			"translation": [0, 4.5, 0],
			"scale": [1.25, 1.25, 1.25]
		},
		"head": {
			"translation": [0, 20, 0],
			"scale": [1.75, 1.75, 1.75]
		},
		"fixed": {
			"translation": [0, 5.78, 0],
			"scale": [1.25, 1.25, 1.25]
		}
	}
}