{
	"credit": "Made with Blockbench",
	"parent": "block/block",
	"textures": {
		"tray_top": "farmersdelight:block/tray_top",
		"tray_bottom": "farmersdelight:block/tray_bottom"
	},
	"elements": [
		{
			"name": "tray",
			"from": [1, 0, 1],
			"to": [15, 2, 15],
			"faces": {
				"north": {"uv": [1, 11, 15, 13], "texture": "#tray_bottom"},
				"east": {"uv": [1, 11, 15, 13], "texture": "#tray_bottom"},
				"south": {"uv": [1, 11, 15, 13], "texture": "#tray_bottom"},
				"west": {"uv": [1, 11, 15, 13], "texture": "#tray_bottom"},
				"up": {"uv": [1, 1, 15, 15], "texture": "#tray_top"},
				"down": {"uv": [1, 1, 15, 15], "texture": "#tray_top", "cullface": "down"}
			}
		}
	],
	"gui_light": "front",
	"display": {
		"firstperson_righthand": {
			"rotation": [-180, 45, -180],
			"translation": [1, 5, 0]
		},
		"thirdperson_righthand": {
			"rotation": [75, 135, 0],
			"translation": [0, 4.75, 3],
			"scale": [0.5, 0.5, 0.5]
		},
		"ground": {
			"translation": [0, 3, 0],
			"scale": [0.5, 0.5, 0.5]
		},
		"fixed": {
			"translation": [0, 4.62, 0],
			"scale": [1.1, 1.1, 1.1]
		},
		"head": {
			"translation": [0, 20, 0],
			"scale": [1.75, 1.75, 1.75]
		}
	}
}