{
	"credit": "Made with Blockbench",
	"parent": "farmers3d/3d_model",
	"textures": {
		"salad_bowl": "farmers3d/bowl"
	},
	"elements": [
		{
			"name": "bottom",
			"from": [4, 0, 4],
			"to": [12, 1, 12],
			"faces": {
				"north": {"uv": [15, 6, 9, 7], "texture": "#salad_bowl"},
				"east": {"uv": [14, 1, 15, 7], "rotation": 270, "texture": "#salad_bowl"},
				"south": {"uv": [9, 1, 15, 2], "texture": "#salad_bowl"},
				"west": {"uv": [9, 7, 10, 1], "rotation": 270, "texture": "#salad_bowl"},
				"up": {"uv": [1, 1, 7, 7], "texture": "#salad_bowl"},
				"down": {"uv": [9, 1, 15, 7], "texture": "#salad_bowl", "cullface": "down"}
			}
		},
		{
			"from": [12, 1, 4],
			"to": [13, 2.5, 12],
			"faces": {
				"east": {"uv": [15, 7, 16, 1], "rotation": 270, "texture": "#salad_bowl"},
				"west": {"uv": [7, 1, 8, 7], "rotation": 270, "texture": "#salad_bowl"},
				"up": {"uv": [15, 7, 16, 1], "texture": "#salad_bowl"},
				"down": {"uv": [15, 7, 16, 1], "texture": "#salad_bowl"}
			}
		},
		{
			"from": [3, 1, 4],
			"to": [4, 2.5, 12],
			"faces": {
				"east": {"uv": [0, 7, 1, 1], "rotation": 270, "texture": "#salad_bowl"},
				"west": {"uv": [9, 1, 8, 7], "rotation": 270, "texture": "#salad_bowl"},
				"up": {"uv": [9, 1, 8, 7], "texture": "#salad_bowl"},
				"down": {"uv": [9, 1, 8, 7], "texture": "#salad_bowl"}
			}
		},
		{
			"from": [3, 1, 12],
			"to": [4, 2.5, 13],
			"rotation": {"angle": 0, "axis": "y", "origin": [0, 0, 8]},
			"faces": {
				"south": {"uv": [1, 0, 0, 1], "rotation": 270, "texture": "#salad_bowl"},
				"west": {"uv": [1, 0, 0, 1], "rotation": 270, "texture": "#salad_bowl"},
				"up": {"uv": [1, 0, 0, 1], "rotation": 270, "texture": "#salad_bowl"},
				"down": {"uv": [1, 0, 0, 1], "rotation": 270, "texture": "#salad_bowl"}
			}
		},
		{
			"from": [3, 1, 3],
			"to": [4, 2.5, 4],
			"rotation": {"angle": 0, "axis": "y", "origin": [0, 0, -1]},
			"faces": {
				"north": {"uv": [1, 7, 0, 8], "rotation": 270, "texture": "#salad_bowl"},
				"west": {"uv": [1, 7, 0, 8], "rotation": 270, "texture": "#salad_bowl"},
				"up": {"uv": [1, 7, 0, 8], "rotation": 270, "texture": "#salad_bowl"},
				"down": {"uv": [1, 7, 0, 8], "rotation": 270, "texture": "#salad_bowl"}
			}
		},
		{
			"from": [12, 1, 12],
			"to": [13, 2.5, 13],
			"rotation": {"angle": 0, "axis": "y", "origin": [9, 0, 8]},
			"faces": {
				"east": {"uv": [8, 0, 7, 1], "rotation": 270, "texture": "#salad_bowl"},
				"south": {"uv": [8, 0, 7, 1], "rotation": 270, "texture": "#salad_bowl"},
				"up": {"uv": [8, 0, 7, 1], "rotation": 270, "texture": "#salad_bowl"},
				"down": {"uv": [8, 0, 7, 1], "rotation": 270, "texture": "#salad_bowl"}
			}
		},
		{
			"from": [12, 1, 3],
			"to": [13, 2.5, 4],
			"rotation": {"angle": 0, "axis": "y", "origin": [9, 0, -1]},
			"faces": {
				"north": {"uv": [8, 7, 7, 8], "rotation": 270, "texture": "#salad_bowl"},
				"east": {"uv": [8, 7, 7, 8], "rotation": 270, "texture": "#salad_bowl"},
				"up": {"uv": [8, 7, 7, 8], "rotation": 270, "texture": "#salad_bowl"},
				"down": {"uv": [8, 7, 7, 8], "rotation": 270, "texture": "#salad_bowl"}
			}
		},
		{
			"from": [4, 1, 3],
			"to": [12, 2.5, 4],
			"faces": {
				"north": {"uv": [9, 7, 15, 8], "texture": "#salad_bowl"},
				"south": {"uv": [1, 0, 7, 1], "texture": "#salad_bowl"},
				"up": {"uv": [9, 7, 15, 8], "texture": "#salad_bowl"},
				"down": {"uv": [9, 7, 15, 8], "texture": "#salad_bowl"}
			}
		},
		{
			"from": [4, 1, 12],
			"to": [12, 2.5, 13],
			"faces": {
				"north": {"uv": [0, 1, 1, 7], "rotation": 270, "texture": "#salad_bowl"},
				"south": {"uv": [15, 0, 9, 1], "texture": "#salad_bowl"},
				"up": {"uv": [15, 0, 9, 1], "texture": "#salad_bowl"},
				"down": {"uv": [15, 0, 9, 1], "texture": "#salad_bowl"}
			}
		}
	],
	"gui_light": "front",
	"display": {
		"thirdperson_righthand": {
			"rotation": [75, 135, 0],
			"translation": [0, 3.5, 3.5],
			"scale": [0.5, 0.5, 0.5]
		},
		"firstperson_righthand": {
			"rotation": [0, 135, 0],
			"translation": [0, 7.5, -1]
		},
		"ground": {
			"translation": [0, 3, 0],
			"scale": [0.5, 0.5, 0.5]
		},
		"gui": {
			"rotation": [30, 135, 0],
			"translation": [0, 2.5, 0]
		},
		"head": {
			"translation": [0, 20, 0],
			"scale": [1.75, 1.75, 1.75]
		},
		"fixed": {
			"translation": [0, 5.78, 0],
			"scale": [1.25, 1.25, 1.25]
		}
	}
}