{
    "name": "ctov:village/desert/roads",
    "fallback": "ctov:village/desert/terminator",
    "elements": [
        {
            "weight": 4,
            "element": {
                "element_type": "minecraft:single_pool_element",
                "projection": "terrain_matching",
                "processors": "ctov:village/desert/roads",
                "location": "ctov:village/desert/roads/straight"
            }
        },
        {
            "weight": 1,
            "element": {
                "element_type": "minecraft:single_pool_element",
                "projection": "terrain_matching",
                "processors": "ctov:village/desert/roads",
                "location": "ctov:village/desert/roads/bent_1"
            }
        },
        {
            "weight": 1,
            "element": {
                "element_type": "minecraft:single_pool_element",
                "projection": "terrain_matching",
                "processors": "ctov:village/desert/roads",
                "location": "ctov:village/desert/roads/bent_2"
            }
        },
        {
            "weight": 1,
            "element": {
                "element_type": "minecraft:single_pool_element",
                "projection": "terrain_matching",
                "processors": "ctov:village/desert/roads",
                "location": "ctov:village/desert/roads/t_1"
            }
        },
        {
            "weight": 1,
            "element": {
                "element_type": "minecraft:single_pool_element",
                "projection": "terrain_matching",
                "processors": "ctov:village/desert/roads",
                "location": "ctov:village/desert/roads/t_2"
            }
        },
        {
            "weight": 1,
            "element": {
                "element_type": "minecraft:single_pool_element",
                "projection": "terrain_matching",
                "processors": "ctov:village/desert/roads",
                "location": "ctov:village/desert/roads/t_3"
            }
        },
        {
            "weight": 1,
            "element": {
                "element_type": "minecraft:single_pool_element",
                "projection": "terrain_matching",
                "processors": "ctov:village/desert/roads",
                "location": "ctov:village/desert/roads/inter"
            }
        }
    ]
}