{
	"credit": "Made with Blockbench",
	"parent": "farmers3d/bowls/flat",
	"textures": {
		"2": "farmers3d/cooked_bacon",
		"3": "farmers3d/fried_egg",
		"particle": "farmers3d/cooked_bacon",
		"tray_top": "farmersdelight:block/tray_top",
		"tray_bottom": "farmersdelight:block/tray_bottom"
	},
	"elements": [
		{
			"name": "tray",
			"from": [1, 0, 1],
			"to": [15, 2, 15],
			"faces": {
				"north": {"uv": [1, 11, 15, 13], "texture": "#tray_bottom"},
				"east": {"uv": [1, 11, 15, 13], "texture": "#tray_bottom"},
				"south": {"uv": [1, 11, 15, 13], "texture": "#tray_bottom"},
				"west": {"uv": [1, 11, 15, 13], "texture": "#tray_bottom"},
				"up": {"uv": [1, 1, 15, 15], "texture": "#tray_top"},
				"down": {"uv": [1, 1, 15, 15], "texture": "#tray_top", "cullface": "down"}
			}
		},
		{
			"from": [8.5, 3, 4],
			"to": [10.5, 4, 7],
			"rotation": {"angle": 0, "axis": "y", "origin": [8.5, 3, 4]},
			"faces": {
				"north": {"uv": [10, 4, 11, 0], "rotation": 270, "texture": "#2"},
				"east": {"uv": [7, 3, 10, 4], "texture": "#2"},
				"south": {"uv": [7, 0, 8, 4], "rotation": 270, "texture": "#2"},
				"west": {"uv": [7, 1, 10, 0], "texture": "#2"},
				"up": {"uv": [7, 0, 10, 4], "rotation": 270, "texture": "#2"},
				"down": {"uv": [9, 0, 15, 4], "rotation": 270, "texture": "#2"}
			}
		},
		{
			"from": [8.5, 3, 9],
			"to": [10.5, 4, 12],
			"rotation": {"angle": 0, "axis": "y", "origin": [8.5, 3, 10]},
			"faces": {
				"north": {"uv": [5, 4, 6, 0], "rotation": 270, "texture": "#2"},
				"east": {"uv": [2, 3, 5, 4], "texture": "#2"},
				"south": {"uv": [2, 0, 3, 4], "rotation": 270, "texture": "#2"},
				"west": {"uv": [5, 0, 2, 1], "texture": "#2"},
				"up": {"uv": [2, 0, 5, 4], "rotation": 270, "texture": "#2"},
				"down": {"uv": [2, 0, 8, 4], "rotation": 270, "texture": "#2"}
			}
		},
		{
			"from": [8.5, 2, 2],
			"to": [10.5, 3, 5],
			"rotation": {"angle": 0, "axis": "y", "origin": [8.5, 2, 1]},
			"faces": {
				"north": {"uv": [14, 4, 12, 0], "rotation": 270, "texture": "#2"},
				"east": {"uv": [14, 3, 9, 4], "texture": "#2"},
				"south": {"uv": [10, 0, 9, 4], "rotation": 270, "texture": "#2"},
				"west": {"uv": [9, 0, 14, 1], "texture": "#2"},
				"up": {"uv": [14, 0, 10, 4], "rotation": 270, "texture": "#2"}
			}
		},
		{
			"from": [8.5, 2, 7],
			"to": [10.5, 3, 10],
			"rotation": {"angle": 0, "axis": "y", "origin": [8.5, 2, 6]},
			"faces": {
				"north": {"uv": [8, 4, 6, 0], "rotation": 270, "texture": "#2"},
				"east": {"uv": [4, 3, 7, 4], "texture": "#2"},
				"south": {"uv": [5, 0, 3, 4], "rotation": 270, "texture": "#2"},
				"west": {"uv": [4, 1, 7, 0], "texture": "#2"},
				"up": {"uv": [4, 0, 7, 4], "rotation": 270, "texture": "#2"}
			}
		},
		{
			"from": [8.5, 2, 12],
			"to": [10.5, 3, 14],
			"rotation": {"angle": 0, "axis": "y", "origin": [8.5, 2, 12]},
			"faces": {
				"north": {"uv": [0, 4, 2, 0], "rotation": 270, "texture": "#2"},
				"east": {"uv": [0, 3, 2, 4], "texture": "#2"},
				"south": {"uv": [0, 0, 1, 4], "rotation": 270, "texture": "#2"},
				"west": {"uv": [0, 0, 2, 1], "texture": "#2"},
				"up": {"uv": [0, 0, 2, 4], "rotation": 270, "texture": "#2"}
			}
		},
		{
			"from": [11.5, 3, 7],
			"to": [13.5, 4, 11],
			"rotation": {"angle": 0, "axis": "y", "origin": [11.5, 3, 6]},
			"faces": {
				"north": {"uv": [8, 8, 9, 4], "rotation": 270, "texture": "#2"},
				"east": {"uv": [5, 7, 9, 8], "texture": "#2"},
				"south": {"uv": [4, 4, 5, 8], "rotation": 270, "texture": "#2"},
				"west": {"uv": [0, 0, 1, 1], "rotation": 270, "texture": "#2"},
				"up": {"uv": [5, 4, 9, 8], "rotation": 270, "texture": "#2"},
				"down": {"uv": [5, 4, 9, 8], "rotation": 270, "texture": "#2"}
			}
		},
		{
			"from": [11.5, 3, 2],
			"to": [13.5, 4, 4],
			"rotation": {"angle": 0, "axis": "y", "origin": [11.5, 3, 1]},
			"faces": {
				"north": {"uv": [13, 8, 14, 4], "rotation": 270, "texture": "#2"},
				"east": {"uv": [12, 7, 14, 8], "texture": "#2"},
				"south": {"uv": [12, 4, 13, 8], "rotation": 270, "texture": "#2"},
				"west": {"uv": [0, 0, 1, 1], "rotation": 270, "texture": "#2"},
				"up": {"uv": [12, 4, 14, 8], "rotation": 270, "texture": "#2"},
				"down": {"uv": [12, 4, 14, 8], "rotation": 270, "texture": "#2"}
			}
		},
		{
			"from": [11.5, 2, 4],
			"to": [13.5, 3, 7],
			"rotation": {"angle": 0, "axis": "y", "origin": [11.5, 2, 3]},
			"faces": {
				"north": {"uv": [11, 8, 12, 4], "rotation": 270, "texture": "#2"},
				"east": {"uv": [9, 7, 12, 8], "texture": "#2"},
				"south": {"uv": [8, 4, 9, 8], "rotation": 270, "texture": "#2"},
				"west": {"uv": [0, 0, 1, 1], "rotation": 270, "texture": "#2"},
				"up": {"uv": [9, 4, 12, 8], "rotation": 270, "texture": "#2"}
			}
		},
		{
			"from": [11.5, 2, 10],
			"to": [13.5, 3, 14],
			"rotation": {"angle": 0, "axis": "y", "origin": [11.5, 2, 11]},
			"faces": {
				"north": {"uv": [6, 8, 7, 4], "rotation": 270, "texture": "#2"},
				"east": {"uv": [0, 7, 5, 8], "texture": "#2"},
				"south": {"uv": [0, 4, 1, 8], "rotation": 270, "texture": "#2"},
				"west": {"uv": [0, 0, 1, 1], "rotation": 270, "texture": "#2"},
				"up": {"uv": [0, 4, 5, 8], "rotation": 270, "texture": "#2"}
			}
		},
		{
			"from": [3, 2, 8.5],
			"to": [8, 3, 13.5],
			"rotation": {"angle": 0, "axis": "y", "origin": [6, 2, 11.5]},
			"faces": {
				"north": {"uv": [11, 1, 2, 2], "texture": "#3"},
				"east": {"uv": [10, 10, 11, 1], "rotation": 270, "texture": "#3"},
				"south": {"uv": [2, 9, 11, 10], "texture": "#3"},
				"west": {"uv": [3, 1, 2, 10], "rotation": 270, "texture": "#3"},
				"up": {"uv": [2, 1, 11, 10], "texture": "#3"}
			}
		},
		{
			"from": [4.5, 2.5, 10],
			"to": [6.5, 3.5, 12],
			"rotation": {"angle": 0, "axis": "y", "origin": [5.5, 2.5, 11]},
			"faces": {
				"north": {"uv": [1, 15, 4, 16], "texture": "#3"},
				"east": {"uv": [0, 15, 1, 12], "rotation": 270, "texture": "#3"},
				"south": {"uv": [1, 11, 4, 12], "texture": "#3"},
				"west": {"uv": [4, 15, 5, 12], "rotation": 270, "texture": "#3"},
				"up": {"uv": [1, 12, 4, 15], "rotation": 180, "texture": "#3"}
			}
		},
		{
			"from": [2.5, 2, 2.5],
			"to": [7.5, 3, 7.5],
			"rotation": {"angle": 0, "axis": "y", "origin": [5.5, 2, 5.5]},
			"faces": {
				"north": {"uv": [9, 10, 4, 11], "texture": "#3"},
				"east": {"uv": [8, 0, 9, 11], "rotation": 270, "texture": "#3"},
				"south": {"uv": [4, 0, 9, 1], "texture": "#3"},
				"west": {"uv": [4, 11, 5, 0], "rotation": 270, "texture": "#3"},
				"up": {"uv": [4, 11, 9, 0], "texture": "#3"}
			}
		},
		{
			"from": [4, 2.5, 4],
			"to": [6, 3.5, 6],
			"rotation": {"angle": 0, "axis": "y", "origin": [5, 2.5, 5]},
			"faces": {
				"north": {"uv": [4, 15, 5, 12], "rotation": 270, "texture": "#3"},
				"east": {"uv": [1, 15, 4, 16], "texture": "#3"},
				"south": {"uv": [0, 15, 1, 12], "rotation": 270, "texture": "#3"},
				"west": {"uv": [1, 11, 4, 12], "texture": "#3"},
				"up": {"uv": [1, 12, 4, 15], "rotation": 270, "texture": "#3"}
			}
		}
	],
	"gui_light": "front"
}