{
	"credit": "Made with Blockbench",
	"parent": "farmers3d/thin_block",
	"texture_size": [32, 32],
	"textures": {
		"0": "farmers3d/beef_patty",
		"particle": "farmers3d/beef_patty"
	},
	"elements": [
		{
			"name": "0",
			"from": [4.5, 0, 4.5],
			"to": [11.5, 1.5, 11.5],
			"faces": {
				"north": {"uv": [7, 1, 8, 7], "rotation": 270, "texture": "#0"},
				"east": {"uv": [1, 8, 7, 7], "texture": "#0"},
				"south": {"uv": [0, 7, 1, 1], "rotation": 270, "texture": "#0"},
				"west": {"uv": [1, 0, 7, 1], "texture": "#0"},
				"up": {"uv": [1, 1, 7, 7], "rotation": 90, "texture": "#0"},
				"down": {"uv": [1, 1, 7, 7], "rotation": 270, "texture": "#0", "cullface": "down"}
			}
		},
		{
			"name": "1",
			"from": [4.5, 0.25, 11.5],
			"to": [11.5, 1.25, 12.5],
			"faces": {
				"east": {"uv": [7, 1, 8, 2], "texture": "#0"},
				"south": {"uv": [7, 1, 8, 7], "rotation": 270, "texture": "#0"},
				"west": {"uv": [7, 6, 8, 7], "rotation": 270, "texture": "#0"},
				"up": {"uv": [7, 1, 8, 7], "rotation": 270, "texture": "#0"},
				"down": {"uv": [7, 1, 8, 7], "rotation": 270, "texture": "#0"}
			}
		},
		{
			"name": "2",
			"from": [11.5, 0.25, 4.5],
			"to": [12.5, 1.25, 11.5],
			"faces": {
				"north": {"uv": [2, 0, 1, 1], "texture": "#0"},
				"east": {"uv": [1, 0, 7, 1], "texture": "#0"},
				"south": {"uv": [7, 0, 6, 1], "texture": "#0"},
				"up": {"uv": [1, 1, 7, 0], "rotation": 270, "texture": "#0"},
				"down": {"uv": [1, 1, 7, 0], "rotation": 270, "texture": "#0"}
			}
		},
		{
			"name": "3",
			"from": [4.5, 0.25, 3.5],
			"to": [11.5, 1.25, 4.5],
			"faces": {
				"north": {"uv": [0, 7, 1, 1], "rotation": 270, "texture": "#0"},
				"east": {"uv": [0, 6, 1, 7], "texture": "#0"},
				"west": {"uv": [0, 1, 1, 2], "rotation": 270, "texture": "#0"},
				"up": {"uv": [0, 1, 1, 7], "rotation": 270, "texture": "#0"},
				"down": {"uv": [0, 1, 1, 7], "rotation": 270, "texture": "#0"}
			}
		},
		{
			"name": "4",
			"from": [3.5, 0.25, 4.5],
			"to": [4.5, 1.25, 11.5],
			"faces": {
				"north": {"uv": [7, 7, 6, 8], "texture": "#0"},
				"south": {"uv": [2, 7, 1, 8], "texture": "#0"},
				"west": {"uv": [7, 7, 1, 8], "texture": "#0"},
				"up": {"uv": [1, 8, 7, 7], "rotation": 270, "texture": "#0"},
				"down": {"uv": [1, 8, 7, 7], "rotation": 270, "texture": "#0"}
			}
		}
	],
	"display": {
		"ground": {
			"translation": [0, 3, 0],
			"scale": [0.5, 0.5, 0.5]
		}
	}
}