{
	"credit": "Made with Blockbench",
	"parent": "item/bowl",
	"textures": {
		"2": "farmers3d/beef_stew",
		"particle": "farmers3d/beef_stew",
		"bowl": "farmers3d/bowl"
	},
	"elements": [
		{
			"name": "soup",
			"from": [5, 3.5, 5],
			"to": [11, 3.5, 11],
			"faces": {
				"up": {"uv": [0, 0, 12, 12], "texture": "#2"}
			}
		},
		{
			"name": "0",
			"from": [9.75, 3.5, 7.75],
			"to": [10.5, 3.95, 8.75],
			"rotation": {"angle": -22.5, "axis": "y", "origin": [9.75, 1.8, 7.75]},
			"faces": {
				"north": {"uv": [12, 4, 13, 5], "texture": "#2"},
				"east": {"uv": [14, 4, 12, 5], "texture": "#2"},
				"south": {"uv": [13, 4, 14, 5], "texture": "#2"},
				"west": {"uv": [12, 4, 14, 5], "texture": "#2"},
				"up": {"uv": [12, 3, 14, 4], "texture": "#2"}
			}
		},
		{
			"name": "1",
			"from": [9.5, 3.5, 9.2],
			"to": [10.25, 3.75, 10.2],
			"rotation": {"angle": -45, "axis": "y", "origin": [9.5, 1.75, 9.2]},
			"faces": {
				"north": {"uv": [12, 3, 13, 4], "texture": "#2"},
				"east": {"uv": [12, 4, 14, 5], "texture": "#2"},
				"south": {"uv": [12, 3, 13, 4], "texture": "#2"},
				"west": {"uv": [14, 4, 12, 5], "texture": "#2"},
				"up": {"uv": [12, 3, 14, 4], "texture": "#2"}
			}
		},
		{
			"name": "0",
			"from": [7.45, 3.495, 9.75],
			"to": [8.2, 4.15, 10.75],
			"rotation": {"angle": 22.5, "axis": "y", "origin": [6.7, 1.9, 11.25]},
			"faces": {
				"north": {"uv": [13, 1, 14, 2], "texture": "#2"},
				"east": {"uv": [15, 3, 14, 1], "rotation": 270, "texture": "#2"},
				"south": {"uv": [13, 2, 14, 3], "texture": "#2"},
				"west": {"uv": [13, 2, 14, 0], "rotation": 270, "texture": "#2"},
				"up": {"uv": [12, 0, 13, 2], "texture": "#2"}
			}
		},
		{
			"name": "1",
			"from": [6.25, 3.5, 5.75],
			"to": [7.25, 4.5, 6.75],
			"rotation": {"angle": 22.5, "axis": "x", "origin": [5.25, 3.5, 5.25]},
			"faces": {
				"north": {"uv": [13, 1, 14, 2], "texture": "#2"},
				"east": {"uv": [14, 0, 13, 2], "rotation": 270, "texture": "#2"},
				"south": {"uv": [13, 0, 14, 1], "texture": "#2"},
				"west": {"uv": [14, 1, 13, 3], "rotation": 270, "texture": "#2"},
				"up": {"uv": [14, 0, 15, 2], "texture": "#2"}
			}
		},
		{
			"name": "0",
			"from": [8.85, 2.75, 5.55],
			"to": [10.35, 4, 7.05],
			"rotation": {"angle": 22.5, "axis": "z", "origin": [8.35, 2, 5.55]},
			"faces": {
				"north": {"uv": [14, 6, 12, 7], "texture": "#2"},
				"east": {"uv": [13, 5, 14, 7], "texture": "#2"},
				"south": {"uv": [12, 5, 13, 7], "texture": "#2"},
				"west": {"uv": [12, 6, 13, 7], "texture": "#2"},
				"up": {"uv": [14, 6, 13, 5], "rotation": 270, "texture": "#2"}
			}
		},
		{
			"name": "1",
			"from": [5.45, 3.75, 7.6],
			"to": [6.2, 4.85, 9.1],
			"rotation": {"angle": -22.5, "axis": "z", "origin": [4.45, 3.05, 7.6]},
			"faces": {
				"north": {"uv": [13, 5, 14, 7], "texture": "#2"},
				"east": {"uv": [12, 6, 13, 7], "texture": "#2"},
				"south": {"uv": [13, 7, 12, 5], "texture": "#2"},
				"west": {"uv": [12, 7, 13, 5], "texture": "#2"},
				"up": {"uv": [13, 7, 14, 6], "texture": "#2"}
			}
		},
		{
			"name": "2",
			"from": [7.6, 2.75, 7.8],
			"to": [8.6, 3.75, 9.3],
			"rotation": {"angle": -22.5, "axis": "x", "origin": [6.6, 2.75, 7.8]},
			"faces": {
				"north": {"uv": [12, 5, 14, 6], "texture": "#2"},
				"east": {"uv": [12, 6, 13, 7], "texture": "#2"},
				"south": {"uv": [12, 6, 14, 5], "rotation": 270, "texture": "#2"},
				"west": {"uv": [12, 6, 13, 7], "texture": "#2"},
				"up": {"uv": [13, 5, 14, 6], "texture": "#2"}
			}
		},
		{
			"name": "bottom",
			"from": [5, 0, 5],
			"to": [11, 1, 11],
			"rotation": {"angle": 0, "axis": "y", "origin": [7, 0, 8]},
			"faces": {
				"north": {"uv": [16, 0, 8, 1], "texture": "#bowl"},
				"east": {"uv": [15, 8, 16, 0], "rotation": 270, "texture": "#bowl"},
				"south": {"uv": [8, 7, 16, 8], "texture": "#bowl"},
				"west": {"uv": [9, 0, 8, 8], "rotation": 270, "texture": "#bowl"},
				"up": {"uv": [0, 0, 8, 8], "texture": "#bowl"},
				"down": {"uv": [8, 8, 16, 0], "texture": "#bowl"}
			}
		},
		{
			"name": "west",
			"from": [11, 1, 5],
			"to": [12, 4, 11],
			"rotation": {"angle": 0, "axis": "y", "origin": [14, 1, 8]},
			"faces": {
				"north": {"uv": [8, 12, 9, 16], "texture": "#bowl"},
				"east": {"uv": [16, 12, 8, 16], "texture": "#bowl"},
				"south": {"uv": [15, 12, 16, 16], "texture": "#bowl"},
				"west": {"uv": [8, 8, 16, 12], "texture": "#bowl"},
				"up": {"uv": [16, 13, 8, 12], "rotation": 270, "texture": "#bowl"},
				"down": {"uv": [8, 13, 16, 14], "rotation": 270, "texture": "#bowl"}
			}
		},
		{
			"name": "north",
			"from": [5, 1, 4],
			"to": [11, 4, 5],
			"rotation": {"angle": 0, "axis": "y", "origin": [8, 1, 2]},
			"faces": {
				"north": {"uv": [8, 12, 0, 16], "texture": "#bowl"},
				"east": {"uv": [7, 12, 8, 16], "texture": "#bowl"},
				"south": {"uv": [0, 8, 8, 12], "texture": "#bowl"},
				"west": {"uv": [0, 12, 1, 16], "texture": "#bowl"},
				"up": {"uv": [0, 12, 8, 13], "texture": "#bowl"},
				"down": {"uv": [0, 15, 8, 16], "texture": "#bowl"}
			}
		},
		{
			"name": "east",
			"from": [4, 1, 5],
			"to": [5, 4, 11],
			"rotation": {"angle": 0, "axis": "y", "origin": [2, 1, 8]},
			"faces": {
				"north": {"uv": [0, 12, 1, 16], "texture": "#bowl"},
				"east": {"uv": [8, 8, 0, 12], "texture": "#bowl"},
				"south": {"uv": [7, 12, 8, 16], "texture": "#bowl"},
				"west": {"uv": [0, 12, 8, 16], "texture": "#bowl"},
				"up": {"uv": [8, 12, 0, 13], "rotation": 270, "texture": "#bowl"},
				"down": {"uv": [0, 15, 8, 16], "rotation": 270, "texture": "#bowl"}
			}
		},
		{
			"name": "south",
			"from": [5, 1, 11],
			"to": [11, 4, 12],
			"rotation": {"angle": 0, "axis": "y", "origin": [8, 1, 14]},
			"faces": {
				"north": {"uv": [16, 8, 8, 12], "texture": "#bowl"},
				"east": {"uv": [15, 12, 16, 16], "texture": "#bowl"},
				"south": {"uv": [8, 12, 16, 16], "texture": "#bowl"},
				"west": {"uv": [8, 12, 9, 16], "texture": "#bowl"},
				"up": {"uv": [8, 12, 16, 13], "texture": "#bowl"},
				"down": {"uv": [8, 13, 16, 14], "texture": "#bowl"}
			}
		}
	],
	"gui_light": "front"
}