{
	"credit": "Made with Blockbench",
	"parent": "farmers3d/3d_model",
	"texture_size": [32, 32],
	"textures": {
		"cake": "farmers3d/cake_slice",
		"particle": "farmers3d/cake_slice"
	},
	"elements": [
		{
			"name": "strawberry_0",
			"from": [6.75, 7.25, 4.5],
			"to": [9.25, 8.75, 7],
			"rotation": {"angle": 0, "axis": "y", "origin": [7, 7.25, 4.75]},
			"faces": {
				"north": {"uv": [6, 6.5, 6.5, 7.5], "rotation": 270, "texture": "#cake"},
				"east": {"uv": [6, 7.5, 7, 8], "rotation": 180, "texture": "#cake"},
				"south": {"uv": [5.5, 8, 6.5, 7.5], "texture": "#cake"},
				"west": {"uv": [5.5, 7.5, 6.5, 8], "rotation": 180, "texture": "#cake"},
				"up": {"uv": [5.5, 7, 6.5, 8], "texture": "#cake"}
			}
		},
		{
			"name": "strawberry_1",
			"from": [7.1, 8.75, 4.85],
			"to": [8.9, 10, 6.65],
			"rotation": {"angle": 0, "axis": "y", "origin": [7, 8.75, 4.75]},
			"faces": {
				"north": {"uv": [6, 6.5, 6.5, 7.5], "rotation": 270, "texture": "#cake"},
				"east": {"uv": [6, 7, 7, 7.5], "rotation": 180, "texture": "#cake"},
				"south": {"uv": [5.5, 6.5, 6, 7.5], "rotation": 270, "texture": "#cake"},
				"west": {"uv": [6, 7.5, 7, 8], "rotation": 180, "texture": "#cake"},
				"up": {"uv": [5.5, 7, 6.5, 8], "texture": "#cake"}
			}
		},
		{
			"name": "cake_slice_1",
			"from": [5, 0, 2.75],
			"to": [11, 8, 11.75],
			"rotation": {"angle": 0, "axis": "y", "origin": [11, 13, 9.75]},
			"faces": {
				"north": {"uv": [11.5, 0, 15, 4], "texture": "#cake"},
				"up": {"uv": [0.5, 4.5, 3.5, 0], "rotation": 180, "texture": "#cake"},
				"down": {"uv": [4.5, 0, 7.5, 4.5], "rotation": 180, "texture": "#cake", "cullface": "down"}
			}
		},
		{
			"name": "cake_slice_2",
			"from": [6.5, 7.99, 8.75],
			"to": [9.5, 7.99, 12.75],
			"rotation": {"angle": 0, "axis": "y", "origin": [9.5, 13, 9.75]},
			"faces": {
				"up": {"uv": [1, 4.5, 3, 3], "rotation": 180, "texture": "#cake"}
			}
		},
		{
			"name": "cake_slice_3",
			"from": [6.5, 0.01, 8.75],
			"to": [9.5, 0.01, 12.75],
			"rotation": {"angle": 0, "axis": "y", "origin": [9.5, 5, 9.75]},
			"faces": {
				"down": {"uv": [5, 2.5, 7, 4.5], "rotation": 180, "texture": "#cake"}
			}
		},
		{
			"name": "cake_slice_5",
			"from": [11, 0, 2.75],
			"to": [12, 8, 5.25],
			"rotation": {"angle": 0, "axis": "y", "origin": [10, 5, -0.25]},
			"faces": {
				"north": {"uv": [11, 0, 11.5, 4], "texture": "#cake"},
				"up": {"uv": [3.5, 0, 4, 1.5], "texture": "#cake"},
				"down": {"uv": [4, 1.5, 4.5, 0], "texture": "#cake", "cullface": "down"}
			}
		},
		{
			"name": "cake_slice_6",
			"from": [4, 0, 2.75],
			"to": [5, 8, 5.25],
			"rotation": {"angle": 0, "axis": "y", "origin": [3, 5, -0.25]},
			"faces": {
				"north": {"uv": [15, 0, 15.5, 4], "texture": "#cake"},
				"up": {"uv": [0, 0, 0.5, 1.5], "texture": "#cake"},
				"down": {"uv": [7.5, 1.5, 8, 0], "texture": "#cake", "cullface": "down"}
			}
		},
		{
			"name": "cake_slice_7",
			"from": [7.28556, -0.01, 12.29536],
			"to": [8.71436, 8, 13.29536],
			"rotation": {"angle": 0, "axis": "y", "origin": [4.03556, 5, 5.29536]},
			"faces": {
				"south": {"uv": [10.5, 4, 11, 8], "texture": "#cake"},
				"up": {"uv": [0, 7, 0.5, 8], "texture": "#cake"},
				"down": {"uv": [5, 7, 5.5, 6], "texture": "#cake", "cullface": "down"}
			}
		},
		{
			"name": "cake_slice_8",
			"from": [9.94973, -0.01, -0.4426],
			"to": [10.94973, 8.01, 10.5574],
			"rotation": {"angle": -22.5, "axis": "y", "origin": [2.94973, 5, 6.3074]},
			"faces": {
				"north": {"uv": [10.5, 0, 11, 4], "texture": "#cake"},
				"east": {"uv": [10.5, 4, 16, 8], "texture": "#cake"},
				"up": {"uv": [0, 7, 5.5, 7.5], "rotation": 270, "texture": "#cake"},
				"down": {"uv": [0, 6.5, 5.5, 6], "rotation": 270, "texture": "#cake", "cullface": "down"}
			}
		},
		{
			"name": "cake_slice_9",
			"from": [6.19208, -0.01, 5.29765],
			"to": [7.19208, 8.01, 16.29765],
			"rotation": {"angle": 22.5, "axis": "y", "origin": [-0.80792, 5, 12.04765]},
			"faces": {
				"north": {"uv": [15.5, 0, 16, 4], "texture": "#cake"},
				"west": {"uv": [16, 4, 10.5, 8], "texture": "#cake"},
				"up": {"uv": [0, 7.5, 5.5, 8], "rotation": 270, "texture": "#cake"},
				"down": {"uv": [0, 6.5, 5.5, 7], "rotation": 270, "texture": "#cake", "cullface": "down"}
			}
		}
	],
	"gui_light": "front",
	"display": {
		"thirdperson_righthand": {
			"rotation": [75, 135, 0],
			"translation": [0, 2.75, 3.75],
			"scale": [0.5, 0.5, 0.5]
		},
		"firstperson_righthand": {
			"rotation": [180, -20, 180],
			"translation": [0, 4, 0]
		},
		"gui": {
			"rotation": [35, -40, 0],
			"translation": [-1.5, 2.5, 0]
		},
		"head": {
			"rotation": [-90, 0, 0],
			"translation": [0, 11.75, -4]
		},
		"fixed": {
			"rotation": [0, 180, 0],
			"translation": [0, 1.93, 0],
			"scale": [0.75, 0.75, 0.75]
		}
	}
}