{
	"credit": "Made with Blockbench",
	"parent": "farmers3d/bowls/dish",
	"textures": {
		"food": "farmers3d/dog_food",
		"dish": "farmers3d/dish",
		"particle": "farmers3d/dog_food"
	},
	"elements": [
		{
			"name": "bottom",
			"from": [4, 0, 4],
			"to": [12, 2, 12],
			"rotation": {"angle": 0, "axis": "y", "origin": [10, 0, 4]},
			"faces": {
				"north": {"uv": [0, 10, 8, 12], "texture": "#dish"},
				"east": {"uv": [8, 10, 0, 12], "texture": "#dish"},
				"south": {"uv": [0, 10, 8, 12], "texture": "#dish"},
				"west": {"uv": [8, 10, 0, 12], "texture": "#dish"},
				"up": {"uv": [0, 0, 8, 8], "texture": "#dish"},
				"down": {"uv": [8, 0, 16, 8], "texture": "#dish", "cullface": "down"}
			}
		},
		{
			"name": "west",
			"from": [4, 2, 5],
			"to": [5, 4, 11],
			"rotation": {"angle": 0, "axis": "y", "origin": [4, 0, 4]},
			"faces": {
				"east": {"uv": [6, 1, 8, 7], "rotation": 270, "texture": "#dish"},
				"west": {"uv": [7, 8, 1, 10], "texture": "#dish"},
				"up": {"uv": [7, 1, 8, 7], "texture": "#dish"}
			}
		},
		{
			"name": "east",
			"from": [11, 2, 5],
			"to": [12, 4, 11],
			"rotation": {"angle": 0, "axis": "y", "origin": [11, 0, 4]},
			"faces": {
				"east": {"uv": [7, 8, 1, 10], "texture": "#dish"},
				"west": {"uv": [2, 7, 0, 1], "rotation": 270, "texture": "#dish"},
				"up": {"uv": [0, 1, 1, 7], "texture": "#dish"}
			}
		},
		{
			"name": "north",
			"from": [4, 2, 4],
			"to": [12, 4, 5],
			"rotation": {"angle": 0, "axis": "y", "origin": [4, 0, 5]},
			"faces": {
				"north": {"uv": [0, 8, 8, 10], "texture": "#dish"},
				"east": {"uv": [0, 8, 1, 10], "texture": "#dish"},
				"south": {"uv": [8, 8, 0, 6], "texture": "#dish"},
				"west": {"uv": [7, 8, 8, 10], "texture": "#dish"},
				"up": {"uv": [0, 7, 8, 8], "texture": "#dish"}
			}
		},
		{
			"name": "south",
			"from": [4, 2, 11],
			"to": [12, 4, 12],
			"rotation": {"angle": 0, "axis": "y", "origin": [4, 0, 12]},
			"faces": {
				"north": {"uv": [8, 0, 0, 2], "texture": "#dish"},
				"east": {"uv": [7, 8, 8, 10], "texture": "#dish"},
				"south": {"uv": [0, 8, 8, 10], "texture": "#dish"},
				"west": {"uv": [0, 8, 1, 10], "texture": "#dish"},
				"up": {"uv": [0, 0, 8, 1], "texture": "#dish"}
			}
		},
		{
			"from": [5.6, 2.21194, 5.80866],
			"to": [7.1, 3.71194, 10.80866],
			"rotation": {"angle": -22.5, "axis": "x", "origin": [5.85, 4.46194, 4.80866]},
			"faces": {
				"north": {"uv": [0, 0, 4, 4], "rotation": 180, "texture": "#food"},
				"east": {"uv": [4, 1, 0, 0], "rotation": 270, "texture": "#food"},
				"west": {"uv": [4, 1, 0, 0], "rotation": 90, "texture": "#food"},
				"up": {"uv": [0, 0, 4, 1], "rotation": 180, "texture": "#food"},
				"down": {"uv": [0, 0, 4, 1], "texture": "#food"}
			}
		},
		{
			"from": [5.6, 0.31755, 5.28493],
			"to": [6.35, 1.81755, 6.28493],
			"rotation": {"angle": -22.5, "axis": "x", "origin": [5.1, 2.31755, 0.28493]},
			"faces": {
				"north": {"uv": [0, 0, 2, 4], "rotation": 180, "texture": "#food"},
				"east": {"uv": [0, 1, 4, 3], "rotation": 270, "texture": "#food"},
				"west": {"uv": [0, 3, 4, 4], "rotation": 90, "texture": "#food"},
				"up": {"uv": [2, 0, 4, 1], "rotation": 180, "texture": "#food"},
				"down": {"uv": [0, 0, 2, 1], "texture": "#food"}
			}
		},
		{
			"from": [4.85, 4.2971, 10.5443],
			"to": [7.85, 6.2971, 11.5443],
			"rotation": {"angle": -22.5, "axis": "x", "origin": [5.35, 6.2961, 10.54328]},
			"faces": {
				"north": {"uv": [0, 6, 8, 10], "rotation": 180, "texture": "#food"},
				"east": {"uv": [2, 6, 0, 10], "texture": "#food"},
				"west": {"uv": [8, 6, 6, 10], "texture": "#food"},
				"up": {"uv": [2, 4, 6, 6], "rotation": 180, "texture": "#food"},
				"down": {"uv": [6, 10, 2, 12], "texture": "#food"}
			}
		},
		{
			"from": [5.1, 4.73535, 12.00835],
			"to": [6.1, 7.23535, 12.50835],
			"rotation": {"angle": -22.5, "axis": "x", "origin": [4.35, 7.98535, 12.00835]},
			"faces": {
				"east": {"uv": [2, 7, 6, 8], "rotation": 270, "texture": "#food"},
				"south": {"uv": [6, 0, 8, 1], "rotation": 270, "texture": "#food"},
				"west": {"uv": [8, 0, 6, 1], "rotation": 90, "texture": "#food"},
				"up": {"uv": [10, 1, 9, 0], "texture": "#food"},
				"down": {"uv": [6, 0, 7, 1], "texture": "#food"}
			}
		},
		{
			"from": [6.6, 4.73535, 12.00835],
			"to": [7.6, 7.23535, 12.50835],
			"rotation": {"angle": -22.5, "axis": "x", "origin": [6.35, 7.98535, 12.00835]},
			"faces": {
				"east": {"uv": [8, 0, 6, 1], "rotation": 270, "texture": "#food"},
				"south": {"uv": [8, 0, 6, 1], "rotation": 270, "texture": "#food"},
				"west": {"uv": [6, 8, 2, 9], "rotation": 90, "texture": "#food"},
				"up": {"uv": [4, 0, 5, 1], "rotation": 180, "texture": "#food"},
				"down": {"uv": [9, 0, 10, 1], "texture": "#food"}
			}
		},
		{
			"from": [5.35, 3.7961, 10.54328],
			"to": [7.35, 6.7961, 11.54328],
			"rotation": {"angle": -22.5, "axis": "x", "origin": [5.35, 6.2961, 10.54328]},
			"faces": {
				"north": {"uv": [2, 4, 6, 12], "rotation": 180, "texture": "#food"},
				"east": {"uv": [0, 6, 2, 10], "texture": "#food"},
				"west": {"uv": [6, 6, 8, 10], "texture": "#food"},
				"up": {"uv": [2, 6, 6, 4], "rotation": 180, "texture": "#food"},
				"down": {"uv": [6, 10, 2, 12], "texture": "#food"}
			}
		},
		{
			"from": [4.85, 4.17878, 11.46716],
			"to": [7.85, 7.17878, 12.46716],
			"rotation": {"angle": -22.5, "axis": "x", "origin": [5.35, 6.67878, 11.46716]},
			"faces": {
				"north": {"uv": [2, 6, 6, 10], "rotation": 180, "texture": "#food"},
				"east": {"uv": [10, 0, 4, 3], "rotation": 270, "texture": "#food"},
				"south": {"uv": [6, 6, 2, 10], "texture": "#food"},
				"west": {"uv": [4, 3, 10, 0], "rotation": 270, "texture": "#food"},
				"up": {"uv": [10, 3, 4, 0], "texture": "#food"},
				"down": {"uv": [4, 0, 10, 3], "texture": "#food"}
			}
		},
		{
			"from": [8.2, 2.5, 6],
			"to": [10.2, 6.5, 10],
			"rotation": {"angle": -22.5, "axis": "z", "origin": [8.2, 2.5, 8]},
			"faces": {
				"north": {"uv": [16, 4, 12, 6], "rotation": 270, "texture": "#food"},
				"east": {"uv": [15, 4, 11, 0], "rotation": 270, "texture": "#food"},
				"south": {"uv": [10, 3, 14, 1], "rotation": 270, "texture": "#food"},
				"west": {"uv": [16, 0, 12, 4], "rotation": 270, "texture": "#food"},
				"up": {"uv": [16, 4, 15, 0], "texture": "#food"},
				"down": {"uv": [14, 2, 16, 6], "texture": "#food"}
			}
		},
		{
			"from": [7.35224, 3.26537, 6],
			"to": [8.35224, 5.26537, 10],
			"rotation": {"angle": -22.5, "axis": "z", "origin": [6.35224, 3.26537, 8]},
			"faces": {
				"north": {"uv": [10, 0, 12, 1], "rotation": 270, "texture": "#food"},
				"south": {"uv": [10, 1, 12, 2], "rotation": 270, "texture": "#food"},
				"west": {"uv": [16, 0, 14, 4], "rotation": 270, "texture": "#food"},
				"up": {"uv": [15, 6, 14, 2], "texture": "#food"},
				"down": {"uv": [15, 4, 16, 6], "texture": "#food"}
			}
		},
		{
			"from": [10.11342, 6.1194, 7],
			"to": [12.11342, 7.1194, 10],
			"rotation": {"angle": -22.5, "axis": "z", "origin": [10.11342, 7.1194, 8]},
			"faces": {
				"north": {"uv": [15, 4, 16, 6], "texture": "#food"},
				"east": {"uv": [12, 1, 15, 2], "texture": "#food"},
				"south": {"uv": [10, 0, 11, 2], "texture": "#food"},
				"west": {"uv": [11, 3, 12, 0], "rotation": 270, "texture": "#food"},
				"up": {"uv": [13, 4, 16, 6], "rotation": 270, "texture": "#food"}
			}
		}
	]
}