{
	"credit": "Made with Blockbench",
	"parent": "farmers3d/thin_block",
	"texture_size": [32, 32],
	"textures": {
		"1": "farmers3d/dumplings",
		"particle": "farmers3d/dumplings"
	},
	"elements": [
		{
			"from": [3, 0, -1],
			"to": [15, 0, 11],
			"rotation": {"angle": -22.5, "axis": "y", "origin": [1, 0, 4]},
			"faces": {
				"up": {"uv": [0, 0, 5, 5], "texture": "#1", "cullface": "down"},
				"down": {"uv": [0, 0, 5, 5], "texture": "#1", "cullface": "down"}
			}
		},
		{
			"name": "1",
			"from": [4.5, 0, 4.5],
			"to": [8.5, 2, 7.5],
			"rotation": {"angle": 0, "axis": "y", "origin": [6.5, 0, 5]},
			"faces": {
				"north": {"uv": [13.5, 0, 9.5, 3], "texture": "#1"},
				"east": {"uv": [5, 0, 9.5, 3], "texture": "#1"},
				"south": {"uv": [13.5, 0, 9.5, 3], "texture": "#1"},
				"west": {"uv": [5, 0, 9.5, 3], "texture": "#1"},
				"up": {"uv": [5, 7.5, 11, 3], "texture": "#1"}
			}
		},
		{
			"name": "2",
			"from": [5, 0, 4],
			"to": [8, 2, 8],
			"rotation": {"angle": 0, "axis": "y", "origin": [6.5, 0, 5]},
			"faces": {
				"north": {"uv": [9.5, 0, 5, 3], "texture": "#1"},
				"east": {"uv": [9.5, 0, 13.5, 3], "texture": "#1"},
				"south": {"uv": [9.5, 0, 5, 3], "texture": "#1"},
				"west": {"uv": [9.5, 0, 13.5, 3], "texture": "#1"},
				"up": {"uv": [5, 3, 11, 7.5], "rotation": 270, "texture": "#1"}
			}
		},
		{
			"name": "3",
			"from": [5, 2, 4.5],
			"to": [8, 2.5, 7.5],
			"rotation": {"angle": 0, "axis": "y", "origin": [7.25, 0.75, 4.75]},
			"faces": {
				"north": {"uv": [15, 0, 16, 6], "rotation": 270, "texture": "#1"},
				"east": {"uv": [15, 0, 16, 6], "rotation": 270, "texture": "#1"},
				"south": {"uv": [15, 0, 16, 6], "rotation": 270, "texture": "#1"},
				"west": {"uv": [15, 0, 16, 6], "rotation": 270, "texture": "#1"},
				"up": {"uv": [10, 10, 16, 16], "texture": "#1"}
			}
		},
		{
			"name": "4",
			"from": [6.5, 2.5, 5],
			"to": [6.5, 3, 7],
			"rotation": {"angle": 0, "axis": "y", "origin": [8, 2.5, 4.5]},
			"faces": {
				"east": {"uv": [0, 5, 4, 6], "texture": "#1"},
				"west": {"uv": [0, 5, 4, 6], "texture": "#1"}
			}
		},
		{
			"name": "5",
			"from": [5.5, 2.5, 6],
			"to": [7.5, 3, 6],
			"rotation": {"angle": 0, "axis": "y", "origin": [8, 2.5, 7.5]},
			"faces": {
				"north": {"uv": [0, 5, 4, 6], "texture": "#1"},
				"south": {"uv": [0, 5, 4, 6], "texture": "#1"}
			}
		},
		{
			"name": "6",
			"from": [6.5, 2.5, 5],
			"to": [6.5, 3, 7],
			"rotation": {"angle": -45, "axis": "y", "origin": [6.5, 2.75, 6]},
			"faces": {
				"east": {"uv": [0, 5, 4, 6], "texture": "#1"},
				"west": {"uv": [0, 5, 4, 6], "texture": "#1"}
			}
		},
		{
			"name": "7",
			"from": [6.5, 2.5, 5],
			"to": [6.5, 3, 7],
			"rotation": {"angle": 45, "axis": "y", "origin": [6.5, 2.75, 6]},
			"faces": {
				"east": {"uv": [0, 5, 4, 6], "texture": "#1"},
				"west": {"uv": [0, 5, 4, 6], "texture": "#1"}
			}
		},
		{
			"name": "2",
			"from": [7.75, 0, 8.25],
			"to": [11.75, 2, 11.25],
			"rotation": {"angle": 0, "axis": "y", "origin": [9.75, 0, 8.75]},
			"faces": {
				"north": {"uv": [9.5, 0, 13.5, 3], "texture": "#1"},
				"east": {"uv": [9.5, 0, 5, 3], "texture": "#1"},
				"south": {"uv": [9.5, 0, 13.5, 3], "texture": "#1"},
				"west": {"uv": [9.5, 0, 5, 3], "texture": "#1"},
				"up": {"uv": [11, 7.5, 5, 3], "texture": "#1"}
			}
		},
		{
			"name": "3",
			"from": [8.25, 0, 7.75],
			"to": [11.25, 2, 11.75],
			"rotation": {"angle": 0, "axis": "y", "origin": [9.75, 0, 8.75]},
			"faces": {
				"north": {"uv": [5, 0, 9.5, 3], "texture": "#1"},
				"east": {"uv": [13.5, 0, 9.5, 3], "texture": "#1"},
				"south": {"uv": [5, 0, 9.5, 3], "texture": "#1"},
				"west": {"uv": [13.5, 0, 9.5, 3], "texture": "#1"},
				"up": {"uv": [11, 3, 5, 7.5], "rotation": 270, "texture": "#1"}
			}
		},
		{
			"name": "4",
			"from": [8.25, 2, 8.25],
			"to": [11.25, 2.5, 11.25],
			"rotation": {"angle": 0, "axis": "y", "origin": [10.5, 0.75, 8.5]},
			"faces": {
				"north": {"uv": [16, 0, 15, 6], "rotation": 270, "texture": "#1"},
				"east": {"uv": [16, 0, 15, 6], "rotation": 270, "texture": "#1"},
				"south": {"uv": [16, 0, 15, 6], "rotation": 270, "texture": "#1"},
				"west": {"uv": [16, 0, 15, 6], "rotation": 270, "texture": "#1"},
				"up": {"uv": [16, 10, 10, 16], "texture": "#1"}
			}
		},
		{
			"name": "5",
			"from": [9.75, 2.5, 8.75],
			"to": [9.75, 3, 10.75],
			"rotation": {"angle": 0, "axis": "y", "origin": [11.25, 2.5, 8.25]},
			"faces": {
				"east": {"uv": [4, 5, 0, 6], "texture": "#1"},
				"west": {"uv": [4, 5, 0, 6], "texture": "#1"}
			}
		},
		{
			"name": "6",
			"from": [8.75, 2.5, 9.75],
			"to": [10.75, 3, 9.75],
			"rotation": {"angle": 0, "axis": "y", "origin": [11.25, 2.5, 11.25]},
			"faces": {
				"north": {"uv": [4, 5, 0, 6], "texture": "#1"},
				"south": {"uv": [4, 5, 0, 6], "texture": "#1"}
			}
		},
		{
			"name": "7",
			"from": [9.75, 2.5, 8.75],
			"to": [9.75, 3, 10.75],
			"rotation": {"angle": -45, "axis": "y", "origin": [9.75, 2.75, 9.75]},
			"faces": {
				"east": {"uv": [4, 5, 0, 6], "texture": "#1"},
				"west": {"uv": [4, 5, 0, 6], "texture": "#1"}
			}
		},
		{
			"name": "8",
			"from": [9.75, 2.5, 8.75],
			"to": [9.75, 3, 10.75],
			"rotation": {"angle": 45, "axis": "y", "origin": [9.75, 2.75, 9.75]},
			"faces": {
				"east": {"uv": [4, 5, 0, 6], "texture": "#1"},
				"west": {"uv": [4, 5, 0, 6], "texture": "#1"}
			}
		}
	],
	"gui_light": "front",
	"display": {
		"gui": {
			"rotation": [30, 120, 0],
			"translation": [0, 4.25, 0],
			"scale": [1.1, 1.1, 1.1]
		},
		"head": {
			"rotation": [-90, 47.5, 0],
			"translation": [0, 0, -19],
			"scale": [2, 2, 2]
		},
		"fixed": {
			"translation": [0, 8.1, 0],
			"scale": [1.5, 1.5, 1.5]
		}
	}
}