{
	"credit": "Made with Blockbench",
	"parent": "farmers3d/thin_block",
	"textures": {
		"0": "farmers3d/fried_egg",
		"particle": "farmers3d/fried_egg"
	},
	"elements": [
		{
			"name": "fried_egg_0",
			"from": [4, 0, 2.5],
			"to": [10, 0.5, 12.5],
			"faces": {
				"north": {"uv": [9, 0, 3, 1], "texture": "#0"},
				"east": {"uv": [8, 0, 9, 10], "rotation": 90, "texture": "#0"},
				"south": {"uv": [3, 9, 9, 10], "texture": "#0"},
				"west": {"uv": [3, 0, 4, 10], "rotation": 270, "texture": "#0"},
				"up": {"uv": [3, 0, 9, 10], "texture": "#0"},
				"down": {"uv": [3, 10, 9, 0], "texture": "#0", "cullface": "down"}
			}
		},
		{
			"name": "fried_egg_1",
			"from": [3, 0, 3.5],
			"to": [4, 0.5, 12.5],
			"faces": {
				"north": {"uv": [3, 1, 2, 2], "texture": "#0"},
				"east": {"uv": [0, 0, 0, 0], "texture": "#0"},
				"south": {"uv": [2, 9, 3, 10], "texture": "#0"},
				"west": {"uv": [2, 1, 3, 10], "rotation": 270, "texture": "#0"},
				"up": {"uv": [2, 1, 3, 10], "texture": "#0"},
				"down": {"uv": [2, 10, 3, 1], "texture": "#0", "cullface": "down"}
			}
		},
		{
			"name": "fried_egg_2",
			"from": [10, 0, 3.5],
			"to": [12, 0.5, 12.5],
			"faces": {
				"north": {"uv": [11, 1, 9, 2], "texture": "#0"},
				"east": {"uv": [10, 1, 11, 10], "rotation": 90, "texture": "#0"},
				"south": {"uv": [9, 9, 11, 10], "texture": "#0"},
				"west": {"uv": [0, 0, 0, 0], "texture": "#0"},
				"up": {"uv": [9, 1, 11, 10], "texture": "#0"},
				"down": {"uv": [9, 10, 11, 1], "texture": "#0", "cullface": "down"}
			}
		},
		{
			"name": "fried_egg_3",
			"from": [2, 0, 4.5],
			"to": [3, 0.5, 11.5],
			"faces": {
				"north": {"uv": [2, 2, 1, 3], "texture": "#0"},
				"east": {"uv": [0, 0, 0, 0], "texture": "#0"},
				"south": {"uv": [1, 8, 2, 9], "texture": "#0"},
				"west": {"uv": [1, 2, 2, 9], "rotation": 270, "texture": "#0"},
				"up": {"uv": [1, 2, 2, 9], "texture": "#0"},
				"down": {"uv": [1, 9, 2, 2], "texture": "#0", "cullface": "down"}
			}
		},
		{
			"name": "fried_egg_4",
			"from": [12, 0, 4.5],
			"to": [13, 0.5, 11.5],
			"faces": {
				"north": {"uv": [12, 2, 11, 3], "texture": "#0"},
				"east": {"uv": [11, 2, 12, 9], "rotation": 90, "texture": "#0"},
				"south": {"uv": [11, 8, 12, 9], "texture": "#0"},
				"west": {"uv": [0, 0, 0, 0], "texture": "#0"},
				"up": {"uv": [11, 2, 12, 9], "texture": "#0"},
				"down": {"uv": [11, 9, 12, 2], "texture": "#0", "cullface": "down"}
			}
		},
		{
			"name": "fried_egg_5",
			"from": [13, 0, 5.5],
			"to": [14, 0.5, 11.5],
			"faces": {
				"north": {"uv": [13, 3, 12, 4], "texture": "#0"},
				"east": {"uv": [12, 3, 13, 9], "rotation": 90, "texture": "#0"},
				"south": {"uv": [12, 8, 13, 9], "texture": "#0"},
				"west": {"uv": [0, 0, 0, 0], "texture": "#0"},
				"up": {"uv": [12, 3, 13, 9], "texture": "#0"},
				"down": {"uv": [12, 9, 13, 3], "texture": "#0", "cullface": "down"}
			}
		},
		{
			"name": "fried_egg_6",
			"from": [1, 0, 6.5],
			"to": [2, 0.5, 10.5],
			"faces": {
				"north": {"uv": [1, 4, 0, 5], "texture": "#0"},
				"east": {"uv": [0, 0, 0, 0], "texture": "#0"},
				"south": {"uv": [0, 7, 1, 8], "texture": "#0"},
				"west": {"uv": [0, 4, 1, 8], "rotation": 270, "texture": "#0"},
				"up": {"uv": [0, 4, 1, 8], "texture": "#0"},
				"down": {"uv": [0, 8, 1, 4], "texture": "#0", "cullface": "down"}
			}
		},
		{
			"name": "fried_egg_7",
			"from": [14, 0, 6.5],
			"to": [15, 0.5, 10.5],
			"faces": {
				"north": {"uv": [14, 4, 13, 5], "texture": "#0"},
				"east": {"uv": [13, 4, 14, 8], "rotation": 90, "texture": "#0"},
				"south": {"uv": [13, 7, 14, 8], "texture": "#0"},
				"west": {"uv": [0, 0, 0, 0], "texture": "#0"},
				"up": {"uv": [13, 4, 14, 8], "texture": "#0"},
				"down": {"uv": [13, 8, 14, 4], "texture": "#0", "cullface": "down"}
			}
		},
		{
			"name": "fried_egg_8",
			"from": [5, 0, 12.5],
			"to": [10, 0.5, 13.5],
			"faces": {
				"north": {"uv": [0, 0, 0, 0], "texture": "#0"},
				"east": {"uv": [8, 10, 9, 11], "rotation": 90, "texture": "#0"},
				"south": {"uv": [4, 10, 9, 11], "texture": "#0"},
				"west": {"uv": [4, 10, 5, 11], "rotation": 270, "texture": "#0"},
				"up": {"uv": [4, 10, 9, 11], "texture": "#0"},
				"down": {"uv": [4, 11, 9, 10], "texture": "#0", "cullface": "down"}
			}
		},
		{
			"name": "yolk_0",
			"from": [4.5, 1, 6.5],
			"to": [7.25, 1.5, 9.25],
			"faces": {
				"north": {"uv": [1, 15, 2, 12], "rotation": 270, "texture": "#0"},
				"east": {"uv": [3, 15, 4, 12], "rotation": 270, "texture": "#0"},
				"south": {"uv": [1, 14, 4, 15], "texture": "#0"},
				"west": {"uv": [1, 12, 2, 15], "rotation": 270, "texture": "#0"},
				"up": {"uv": [1, 12, 4, 15], "texture": "#0"}
			}
		},
		{
			"name": "yolk_1",
			"from": [3.75, 0.25, 6.5],
			"to": [8, 1, 9.25],
			"faces": {
				"north": {"uv": [5, 12, 0, 13], "texture": "#0"},
				"east": {"uv": [4, 12, 5, 15], "rotation": 90, "texture": "#0"},
				"south": {"uv": [0, 14, 5, 15], "texture": "#0"},
				"west": {"uv": [0, 12, 1, 15], "texture": "#0"},
				"up": {"uv": [0, 12, 5, 15], "texture": "#0"}
			}
		},
		{
			"name": "yolk_2",
			"from": [4.5, 0.25, 5.75],
			"to": [7.25, 1, 10],
			"faces": {
				"north": {"uv": [1, 11, 4, 12], "texture": "#0"},
				"east": {"uv": [3, 11, 4, 16], "rotation": 270, "texture": "#0"},
				"south": {"uv": [1, 15, 4, 16], "texture": "#0"},
				"west": {"uv": [1, 16, 2, 11], "rotation": 270, "texture": "#0"},
				"up": {"uv": [1, 11, 4, 16], "texture": "#0"}
			}
		}
	],
	"display": {
		"firstperson_righthand": {
			"rotation": [0, 45, 0],
			"translation": [0, 7, 0],
			"scale": [0.75, 0.75, 0.75]
		},
		"ground": {
			"translation": [0, 3, 0],
			"scale": [0.5, 0.5, 0.5]
		},
		"gui": {
			"rotation": [30, 45, 0],
			"translation": [0, 4.25, 0],
			"scale": [0.9, 0.9, 0.9]
		},
		"head": {
			"rotation": [0, 90, 0],
			"translation": [0, 18.25, -3],
			"scale": [1.5, 1.5, 1.5]
		},
		"fixed": {
			"translation": [0, 3.85, 0]
		}
	}
}