{
	"credit": "Made with Blockbench",
	"parent": "farmers3d/bowls/salad",
	"gui_light": "front",
	"texture_size": [32, 32],
	"textures": {
		"particle": "farmers3d/fruit_salad",
		"fruit_salad": "farmers3d/fruit_salad",
		"salad_bowl": "farmers3d/bowl"
	},
	"elements": [
		{
			"from": [4.25, 3.1, 9],
			"to": [6.5, 4.1, 11],
			"rotation": {"angle": -22.5, "axis": "z", "origin": [2.5, 1.1, 9]},
			"faces": {
				"north": {"uv": [0, 0, 0.5, 0.5], "rotation": 270, "texture": "#fruit_salad"},
				"south": {"uv": [0, 0, 0.5, 0.5], "texture": "#fruit_salad"},
				"up": {"uv": [0.5, 1, 0, 0], "rotation": 270, "texture": "#fruit_salad"}
			}
		},
		{
			"from": [3.73083, 1.79929, 9],
			"to": [4.73083, 4.04929, 11],
			"rotation": {"angle": 22.5, "axis": "z", "origin": [1.78083, 4.04929, 8.999]},
			"faces": {
				"north": {"uv": [1.5, 0, 2, 0.5], "rotation": 270, "texture": "#fruit_salad"},
				"east": {"uv": [0, 0, 0.5, 1], "texture": "#fruit_salad"},
				"south": {"uv": [0, 0, 0.5, 0.5], "texture": "#fruit_salad"}
			}
		},
		{
			"from": [1.27892, 3.84652, 9],
			"to": [5.37616, 4.84309, 11],
			"rotation": {"angle": -45, "axis": "z", "origin": [2.27892, 1.59652, 7]},
			"faces": {
				"north": {"uv": [0, 0, 0.5, 0.5], "texture": "#fruit_salad"},
				"south": {"uv": [0, 0, 0.5, 0.5], "rotation": 270, "texture": "#fruit_salad"}
			}
		},
		{
			"from": [4.6836, 1.40278, 8.999],
			"to": [6.3836, 2.15278, 11.001],
			"rotation": {"angle": 22.5, "axis": "z", "origin": [6.39071, 4.65989, 9]},
			"faces": {
				"north": {"uv": [0.5, 1, 1.5, 0], "rotation": 270, "texture": "#fruit_salad"},
				"east": {"uv": [0.5, 0.5, 1.5, 1], "rotation": 270, "texture": "#fruit_salad"},
				"south": {"uv": [0.5, 1, 1.5, 0], "rotation": 270, "texture": "#fruit_salad"},
				"down": {"uv": [0.5, 0, 1, 1], "rotation": 270, "texture": "#fruit_salad"}
			}
		},
		{
			"from": [4.25343, 2.69944, 8.998],
			"to": [5.50343, 3.19944, 11.002],
			"rotation": {"angle": -22.5, "axis": "z", "origin": [1.50343, 0.44944, 8.999]},
			"faces": {
				"north": {"uv": [0.5, 0, 1, 1], "rotation": 270, "texture": "#fruit_salad"},
				"south": {"uv": [0.5, 0, 1, 1], "rotation": 270, "texture": "#fruit_salad"},
				"down": {"uv": [1, 1, 0.5, 0], "rotation": 270, "texture": "#fruit_salad"}
			}
		},
		{
			"from": [4.254, -0.43492, 8.998],
			"to": [4.754, 1.35262, 11.002],
			"rotation": {"angle": 45, "axis": "z", "origin": [2.27313, 1.30642, 9]},
			"faces": {
				"north": {"uv": [1, 0, 0.5, 1], "texture": "#fruit_salad"},
				"south": {"uv": [0.5, 1, 1, 0], "texture": "#fruit_salad"},
				"west": {"uv": [0.5, 0, 1, 1], "texture": "#fruit_salad"}
			}
		},
		{
			"from": [3.33407, 1.78358, 8.998],
			"to": [3.83407, 3.03358, 11.002],
			"rotation": {"angle": 22.5, "axis": "z", "origin": [1.08407, 3.03358, 8.999]},
			"faces": {
				"north": {"uv": [1, 1, 0.5, 0], "texture": "#fruit_salad"},
				"south": {"uv": [0.5, 0, 1, 1], "texture": "#fruit_salad"},
				"west": {"uv": [1, 1, 0.5, 0], "texture": "#fruit_salad"}
			}
		},
		{
			"from": [3.98681, 4.62299, 8.999],
			"to": [4.73681, 6.32299, 11.001],
			"rotation": {"angle": -22.5, "axis": "z", "origin": [1.74392, 6.3301, 9]},
			"faces": {
				"north": {"uv": [1.5, 0, 0.5, 1], "texture": "#fruit_salad"},
				"south": {"uv": [0.5, 1, 1.5, 0], "texture": "#fruit_salad"},
				"west": {"uv": [0.5, 0, 1, 1], "texture": "#fruit_salad"},
				"up": {"uv": [0.5, 0, 1.5, 0.5], "texture": "#fruit_salad"}
			}
		},
		{
			"from": [11.66059, 2.6909, 4.8],
			"to": [12.66059, 4.6909, 7.8],
			"rotation": {"angle": -22.5, "axis": "z", "origin": [12.66059, 3.6909, 5.8]},
			"faces": {
				"north": {"uv": [0, 7, 1, 7.5], "rotation": 270, "texture": "#fruit_salad"},
				"east": {"uv": [0, 7, 0.5, 8], "texture": "#fruit_salad"},
				"south": {"uv": [0, 7, 1, 7.5], "rotation": 270, "texture": "#fruit_salad"},
				"west": {"uv": [1, 6.5, 1.5, 7.5], "texture": "#fruit_salad"}
			}
		},
		{
			"from": [13.45316, 5.65259, 4.8],
			"to": [14.86737, 6.65259, 7.8],
			"rotation": {"angle": 45, "axis": "z", "origin": [17.05582, 1.08405, 5.8]},
			"faces": {
				"north": {"uv": [0, 8, 0.5, 7], "rotation": 90, "texture": "#fruit_salad"},
				"south": {"uv": [0, 8, 0.5, 7], "rotation": 270, "texture": "#fruit_salad"},
				"up": {"uv": [1, 6.5, 1.5, 7.5], "rotation": 270, "texture": "#fruit_salad"},
				"down": {"uv": [0, 7, 0.5, 8], "rotation": 270, "texture": "#fruit_salad"}
			}
		},
		{
			"from": [11.81911, 4.57019, 4.8],
			"to": [12.81911, 6.57019, 7.8],
			"rotation": {"angle": 22.5, "axis": "z", "origin": [12.81911, 5.15598, 5.8]},
			"faces": {
				"north": {"uv": [1, 7.5, 0, 7], "rotation": 270, "texture": "#fruit_salad"},
				"east": {"uv": [0, 7, 0.5, 8], "rotation": 180, "texture": "#fruit_salad"},
				"south": {"uv": [1, 7, 0, 7.5], "rotation": 270, "texture": "#fruit_salad"},
				"west": {"uv": [1, 6.5, 0, 7], "rotation": 270, "texture": "#fruit_salad"},
				"up": {"uv": [0, 7, 0.5, 7.5], "rotation": 180, "texture": "#fruit_salad"}
			}
		},
		{
			"from": [7.85742, 1.14971, 4.8],
			"to": [9.85742, 2.14971, 7.8],
			"rotation": {"angle": -22.5, "axis": "z", "origin": [9.27164, 2.14971, 5.8]},
			"faces": {
				"north": {"uv": [0, 7, 1, 7.5], "texture": "#fruit_salad"},
				"south": {"uv": [1, 7, 0, 7.5], "texture": "#fruit_salad"},
				"west": {"uv": [0.5, 7, 1, 7.5], "rotation": 90, "texture": "#fruit_salad"},
				"up": {"uv": [1, 6.5, 0, 7], "texture": "#fruit_salad"},
				"down": {"uv": [0, 7, 0.5, 8], "rotation": 270, "texture": "#fruit_salad"}
			}
		},
		{
			"from": [9.35403, 1.38434, 4.8],
			"to": [11.35403, 2.38434, 7.8],
			"rotation": {"angle": 22.5, "axis": "z", "origin": [10.35403, 1.38434, 5.8]},
			"faces": {
				"north": {"uv": [0, 8, 0.5, 7], "rotation": 270, "texture": "#fruit_salad"},
				"south": {"uv": [0, 7, 0.5, 8], "rotation": 270, "texture": "#fruit_salad"},
				"up": {"uv": [1, 7, 1.5, 8], "rotation": 270, "texture": "#fruit_salad"},
				"down": {"uv": [0, 8, 0.5, 7], "rotation": 270, "texture": "#fruit_salad"}
			}
		},
		{
			"from": [11.65316, 6.55259, 4.9],
			"to": [16.65316, 8.35259, 7.7],
			"rotation": {"angle": 45, "axis": "z", "origin": [17.05582, 1.08405, 5.8]},
			"faces": {
				"north": {"uv": [0, 10.5, 2, 16], "rotation": 270, "texture": "#fruit_salad"},
				"south": {"uv": [7, 16, 5, 10.5], "rotation": 270, "texture": "#fruit_salad"},
				"up": {"uv": [5, 16, 2, 10.5], "rotation": 270, "texture": "#fruit_salad"}
			}
		},
		{
			"from": [10.85342, 3.23277, 8.6126],
			"to": [11.85342, 4.84698, 10.6106],
			"rotation": {"angle": 0, "axis": "y", "origin": [11.35342, 4.03988, 9.6116]},
			"faces": {
				"north": {"uv": [5.5, 7, 7, 8], "texture": "#fruit_salad"},
				"south": {"uv": [7, 7, 5.5, 8], "texture": "#fruit_salad"}
			}
		},
		{
			"from": [8.525, 1.51856, 8.6126],
			"to": [10.15, 2.51856, 10.6106],
			"rotation": {"angle": 0, "axis": "y", "origin": [9.3375, 2.01856, 9.6116]},
			"faces": {
				"north": {"uv": [5.5, 7.5, 7, 8], "rotation": 270, "texture": "#fruit_salad"},
				"south": {"uv": [5.5, 7.5, 7, 8], "rotation": 270, "texture": "#fruit_salad"}
			}
		},
		{
			"from": [9.12606, 1.87097, 8.6131],
			"to": [12.12606, 3.62097, 10.6101],
			"rotation": {"angle": 45, "axis": "z", "origin": [10.62606, 2.74597, 9.6116]},
			"faces": {
				"north": {"uv": [5.5, 6, 7, 7], "rotation": 270, "texture": "#fruit_salad"},
				"south": {"uv": [7, 6, 5.5, 7], "rotation": 90, "texture": "#fruit_salad"},
				"up": {"uv": [7, 8, 8, 7.5], "texture": "#fruit_salad"}
			}
		},
		{
			"from": [8.20734, 2.86469, 8.7131],
			"to": [11.80734, 3.86469, 10.5131],
			"rotation": {"angle": 45, "axis": "z", "origin": [10.00734, 3.36469, 9.6131]},
			"faces": {
				"north": {"uv": [4, 5.5, 8, 6], "rotation": 180, "texture": "#fruit_salad"},
				"south": {"uv": [4, 4, 8, 4.5], "texture": "#fruit_salad"},
				"up": {"uv": [4, 4, 8, 6], "texture": "#fruit_salad"}
			}
		},
		{
			"from": [10.67911, 4.37135, 8.6121],
			"to": [11.42911, 5.44635, 10.6111],
			"rotation": {"angle": 45, "axis": "z", "origin": [11.05411, 4.90885, 9.6116]},
			"faces": {
				"north": {"uv": [6, 7.5, 7, 8], "texture": "#fruit_salad"},
				"south": {"uv": [7, 7.5, 6.5, 8], "texture": "#fruit_salad"},
				"up": {"uv": [6, 7.5, 7, 8], "rotation": 180, "texture": "#fruit_salad"}
			}
		},
		{
			"from": [10.40888, 2.02376, 8.6136],
			"to": [11.40888, 5.02376, 10.6096],
			"rotation": {"angle": 0, "axis": "y", "origin": [10.90888, 3.52376, 9.6116]},
			"faces": {
				"north": {"uv": [7.5, 7.5, 8, 8], "texture": "#fruit_salad"},
				"south": {"uv": [7.5, 7.5, 8, 8], "texture": "#fruit_salad"},
				"west": {"uv": [7.5, 7.5, 8, 8], "texture": "#fruit_salad"}
			}
		},
		{
			"from": [8.34822, 1.9631, 8.6136],
			"to": [11.34822, 2.9631, 10.6096],
			"rotation": {"angle": 0, "axis": "y", "origin": [9.84822, 2.4631, 9.6116]},
			"faces": {
				"north": {"uv": [7, 7.5, 7.5, 8], "rotation": 270, "texture": "#fruit_salad"},
				"south": {"uv": [7, 7.5, 7.5, 8], "rotation": 90, "texture": "#fruit_salad"},
				"up": {"uv": [7, 7.5, 7.5, 8], "rotation": 90, "texture": "#fruit_salad"}
			}
		},
		{
			"from": [8.08687, 1.78341, 8.61164],
			"to": [8.83687, 2.85485, 10.61064],
			"rotation": {"angle": 45, "axis": "z", "origin": [8.46187, 2.31913, 9.61114]},
			"faces": {
				"north": {"uv": [7, 7.5, 5.5, 8], "texture": "#fruit_salad"},
				"south": {"uv": [5.5, 7.5, 7, 8], "texture": "#fruit_salad"},
				"up": {"uv": [7, 7.5, 5.5, 8], "rotation": 180, "texture": "#fruit_salad"}
			}
		},
		{
			"from": [9.55734, 3.86469, 9.1631],
			"to": [10.00734, 4.01469, 9.6131],
			"rotation": {"angle": 45, "axis": "z", "origin": [10.00734, 3.36469, 9.6131]},
			"faces": {
				"north": {"uv": [6.5, 5, 7, 5.5], "texture": "#fruit_salad"},
				"east": {"uv": [6.5, 5, 7, 5.5], "texture": "#fruit_salad"},
				"south": {"uv": [6.5, 5, 7, 5.5], "texture": "#fruit_salad"},
				"west": {"uv": [6.5, 5, 7, 5.5], "texture": "#fruit_salad"},
				"up": {"uv": [6.5, 5, 7, 5.5], "texture": "#fruit_salad"}
			}
		},
		{
			"from": [9.10734, 3.86469, 9.6131],
			"to": [9.55734, 4.01469, 10.0631],
			"rotation": {"angle": 45, "axis": "z", "origin": [10.00734, 3.36469, 9.6131]},
			"faces": {
				"north": {"uv": [6.5, 5, 7, 5.5], "texture": "#fruit_salad"},
				"east": {"uv": [6.5, 5, 7, 5.5], "texture": "#fruit_salad"},
				"south": {"uv": [6.5, 5, 7, 5.5], "texture": "#fruit_salad"},
				"west": {"uv": [6.5, 5, 7, 5.5], "texture": "#fruit_salad"},
				"up": {"uv": [6.5, 5, 7, 5.5], "texture": "#fruit_salad"}
			}
		},
		{
			"from": [10.45734, 3.86469, 9.6131],
			"to": [10.90734, 4.01469, 10.0631],
			"rotation": {"angle": 45, "axis": "z", "origin": [10.00734, 3.36469, 9.6131]},
			"faces": {
				"north": {"uv": [6.5, 5, 7, 5.5], "texture": "#fruit_salad"},
				"east": {"uv": [6.5, 5, 7, 5.5], "texture": "#fruit_salad"},
				"south": {"uv": [6.5, 5, 7, 5.5], "texture": "#fruit_salad"},
				"west": {"uv": [6.5, 5, 7, 5.5], "texture": "#fruit_salad"},
				"up": {"uv": [6.5, 5, 7, 5.5], "texture": "#fruit_salad"}
			}
		},
		{
			"from": [11.39632, 4.45054, 8.61164],
			"to": [11.89632, 5.95054, 10.61164],
			"rotation": {"angle": 45, "axis": "z", "origin": [11.64632, 5.20054, 9.61164]},
			"faces": {
				"north": {"uv": [7, 7.5, 7.5, 8], "rotation": 270, "texture": "#fruit_salad"},
				"east": {"uv": [7.5, 7.5, 8, 8], "rotation": 270, "texture": "#fruit_salad"},
				"south": {"uv": [7, 7.5, 7.5, 8], "rotation": 270, "texture": "#fruit_salad"},
				"up": {"uv": [7, 7.5, 7.5, 8], "rotation": 180, "texture": "#fruit_salad"}
			}
		},
		{
			"from": [11.85342, 2.84698, 8.61164],
			"to": [12.35342, 4.84698, 10.61164],
			"rotation": {"angle": 0, "axis": "y", "origin": [12.10342, 3.84698, 9.61164]},
			"faces": {
				"north": {"uv": [8, 7.5, 7, 8], "rotation": 270, "texture": "#fruit_salad"},
				"east": {"uv": [8, 7.5, 7, 8], "rotation": 270, "texture": "#fruit_salad"},
				"south": {"uv": [8, 7.5, 7, 8], "rotation": 270, "texture": "#fruit_salad"}
			}
		},
		{
			"from": [7.92145, 0.97567, 8.61164],
			"to": [8.42145, 2.47567, 10.61164],
			"rotation": {"angle": 45, "axis": "z", "origin": [8.17145, 1.72567, 9.61164]},
			"faces": {
				"north": {"uv": [8, 7.5, 7, 8], "rotation": 270, "texture": "#fruit_salad"},
				"south": {"uv": [7, 7.5, 8, 8], "rotation": 90, "texture": "#fruit_salad"},
				"west": {"uv": [7, 7.5, 8, 8], "rotation": 90, "texture": "#fruit_salad"},
				"up": {"uv": [7, 7.5, 7.5, 8], "texture": "#fruit_salad"}
			}
		},
		{
			"from": [8.525, 1.01856, 8.61164],
			"to": [10.525, 1.51856, 10.61164],
			"rotation": {"angle": 0, "axis": "y", "origin": [9.525, 1.26856, 9.61164]},
			"faces": {
				"north": {"uv": [7.5, 7.5, 8, 8], "texture": "#fruit_salad"},
				"south": {"uv": [8, 7.5, 7.5, 8], "texture": "#fruit_salad"}
			}
		},
		{
			"from": [9.96954, 1.85955, 8.61164],
			"to": [12.55532, 2.35955, 10.61164],
			"rotation": {"angle": 45, "axis": "z", "origin": [11.26243, 2.10955, 9.61164]},
			"faces": {
				"north": {"uv": [7.5, 7.5, 8, 8], "texture": "#fruit_salad"},
				"south": {"uv": [7.5, 7.5, 8, 8], "texture": "#fruit_salad"},
				"down": {"uv": [7.5, 7.5, 8, 8], "texture": "#fruit_salad"}
			}
		},
		{
			"from": [5.25, 1, 4.5],
			"to": [7.25, 3, 6.5],
			"rotation": {"angle": 0, "axis": "y", "origin": [5.25, 1.5, 4.5]},
			"faces": {
				"north": {"uv": [6.5, 0, 8, 1.5], "texture": "#fruit_salad"},
				"east": {"uv": [8, 0, 6.5, 1.5], "texture": "#fruit_salad"},
				"south": {"uv": [6.5, 1.5, 8, 0], "texture": "#fruit_salad"},
				"west": {"uv": [8, 1.5, 6.5, 0], "texture": "#fruit_salad"},
				"up": {"uv": [8, 0, 6.5, 1.5], "texture": "#fruit_salad"}
			}
		},
		{
			"from": [4.5, 1, 6.5],
			"to": [6.5, 3, 8.5],
			"rotation": {"angle": 0, "axis": "y", "origin": [6.5, 1.5, 6.5]},
			"faces": {
				"north": {"uv": [8, 1.5, 6.5, 0], "texture": "#fruit_salad"},
				"east": {"uv": [6.5, 0, 8, 1.5], "texture": "#fruit_salad"},
				"south": {"uv": [8, 0, 6.5, 1.5], "texture": "#fruit_salad"},
				"west": {"uv": [6.5, 1.5, 8, 0], "texture": "#fruit_salad"},
				"up": {"uv": [8, 0, 6.5, 1.5], "rotation": 90, "texture": "#fruit_salad"}
			}
		},
		{
			"from": [4.25, 1, 5.5],
			"to": [5.25, 2, 6.5],
			"rotation": {"angle": 0, "axis": "y", "origin": [-2.86351, 1.91668, 8.5]},
			"faces": {
				"north": {"uv": [6, 0, 6.5, 0.5], "rotation": 180, "texture": "#fruit_salad"},
				"south": {"uv": [6, 0, 6.5, 0.5], "texture": "#fruit_salad"},
				"west": {"uv": [6, 0, 6.5, 0.5], "rotation": 270, "texture": "#fruit_salad"},
				"up": {"uv": [6, 0, 6.5, 0.5], "texture": "#fruit_salad"}
			}
		},
		{
			"from": [3, 4.75, 6],
			"to": [5, 8.75, 6],
			"rotation": {"angle": 22.5, "axis": "z", "origin": [11.88649, 5.66668, 2.85]},
			"faces": {
				"north": {"uv": [4.5, 0, 6, 2.5], "texture": "#fruit_salad"},
				"south": {"uv": [4.5, 2.5, 6, 0], "rotation": 180, "texture": "#fruit_salad"}
			}
		},
		{
			"from": [4.87538, 0.34914, 5],
			"to": [4.87538, 4.34914, 7],
			"rotation": {"angle": 22.5, "axis": "z", "origin": [1.26188, 1.26582, -2.15]},
			"faces": {
				"east": {"uv": [4.5, 0, 6, 2.5], "texture": "#fruit_salad"},
				"west": {"uv": [4.5, 0, 6, 2.5], "texture": "#fruit_salad"}
			}
		},
		{
			"name": "bottom",
			"from": [4, 0, 4],
			"to": [12, 1, 12],
			"faces": {
				"north": {"uv": [15, 6, 9, 7], "texture": "#salad_bowl"},
				"east": {"uv": [14, 1, 15, 7], "rotation": 270, "texture": "#salad_bowl"},
				"south": {"uv": [9, 1, 15, 2], "texture": "#salad_bowl"},
				"west": {"uv": [9, 7, 10, 1], "rotation": 270, "texture": "#salad_bowl"},
				"up": {"uv": [1, 1, 7, 7], "texture": "#salad_bowl"},
				"down": {"uv": [9, 1, 15, 7], "texture": "#salad_bowl", "cullface": "down"}
			}
		},
		{
			"from": [12, 1, 4],
			"to": [13, 2.5, 12],
			"faces": {
				"east": {"uv": [15, 7, 16, 1], "rotation": 270, "texture": "#salad_bowl"},
				"west": {"uv": [7, 1, 8, 7], "rotation": 270, "texture": "#salad_bowl"},
				"up": {"uv": [15, 7, 16, 1], "texture": "#salad_bowl"},
				"down": {"uv": [15, 7, 16, 1], "texture": "#salad_bowl"}
			}
		},
		{
			"from": [3, 1, 4],
			"to": [4, 2.5, 12],
			"faces": {
				"east": {"uv": [0, 7, 1, 1], "rotation": 270, "texture": "#salad_bowl"},
				"west": {"uv": [9, 1, 8, 7], "rotation": 270, "texture": "#salad_bowl"},
				"up": {"uv": [9, 1, 8, 7], "texture": "#salad_bowl"},
				"down": {"uv": [9, 1, 8, 7], "texture": "#salad_bowl"}
			}
		},
		{
			"from": [3, 1, 12],
			"to": [4, 2.5, 13],
			"rotation": {"angle": 0, "axis": "y", "origin": [0, 0, 8]},
			"faces": {
				"south": {"uv": [1, 0, 0, 1], "rotation": 270, "texture": "#salad_bowl"},
				"west": {"uv": [1, 0, 0, 1], "rotation": 270, "texture": "#salad_bowl"},
				"up": {"uv": [1, 0, 0, 1], "rotation": 270, "texture": "#salad_bowl"},
				"down": {"uv": [1, 0, 0, 1], "rotation": 270, "texture": "#salad_bowl"}
			}
		},
		{
			"from": [3, 1, 3],
			"to": [4, 2.5, 4],
			"rotation": {"angle": 0, "axis": "y", "origin": [0, 0, -1]},
			"faces": {
				"north": {"uv": [1, 7, 0, 8], "rotation": 270, "texture": "#salad_bowl"},
				"west": {"uv": [1, 7, 0, 8], "rotation": 270, "texture": "#salad_bowl"},
				"up": {"uv": [1, 7, 0, 8], "rotation": 270, "texture": "#salad_bowl"},
				"down": {"uv": [1, 7, 0, 8], "rotation": 270, "texture": "#salad_bowl"}
			}
		},
		{
			"from": [12, 1, 12],
			"to": [13, 2.5, 13],
			"rotation": {"angle": 0, "axis": "y", "origin": [9, 0, 8]},
			"faces": {
				"east": {"uv": [8, 0, 7, 1], "rotation": 270, "texture": "#salad_bowl"},
				"south": {"uv": [8, 0, 7, 1], "rotation": 270, "texture": "#salad_bowl"},
				"up": {"uv": [8, 0, 7, 1], "rotation": 270, "texture": "#salad_bowl"},
				"down": {"uv": [8, 0, 7, 1], "rotation": 270, "texture": "#salad_bowl"}
			}
		},
		{
			"from": [12, 1, 3],
			"to": [13, 2.5, 4],
			"rotation": {"angle": 0, "axis": "y", "origin": [9, 0, -1]},
			"faces": {
				"north": {"uv": [8, 7, 7, 8], "rotation": 270, "texture": "#salad_bowl"},
				"east": {"uv": [8, 7, 7, 8], "rotation": 270, "texture": "#salad_bowl"},
				"up": {"uv": [8, 7, 7, 8], "rotation": 270, "texture": "#salad_bowl"},
				"down": {"uv": [8, 7, 7, 8], "rotation": 270, "texture": "#salad_bowl"}
			}
		},
		{
			"from": [4, 1, 3],
			"to": [12, 2.5, 4],
			"faces": {
				"north": {"uv": [9, 7, 15, 8], "texture": "#salad_bowl"},
				"south": {"uv": [1, 0, 7, 1], "texture": "#salad_bowl"},
				"up": {"uv": [9, 7, 15, 8], "texture": "#salad_bowl"},
				"down": {"uv": [9, 7, 15, 8], "texture": "#salad_bowl"}
			}
		},
		{
			"from": [4, 1, 12],
			"to": [12, 2.5, 13],
			"faces": {
				"north": {"uv": [0, 1, 1, 7], "rotation": 270, "texture": "#salad_bowl"},
				"south": {"uv": [15, 0, 9, 1], "texture": "#salad_bowl"},
				"up": {"uv": [15, 0, 9, 1], "texture": "#salad_bowl"},
				"down": {"uv": [15, 0, 9, 1], "texture": "#salad_bowl"}
			}
		}
	]
}