{
	"credit": "Made with Blockbench",
	"parent": "farmers3d/glass_bottles/cup1",
	"textures": {
		"cup": "farmers3d/cup/1",
		"particle": "farmers3d/glow_berry_custard",
		"custard": "farmers3d/glow_berry_custard"
	},
	"elements": [
		{
			"from": [6.5, 0, 7],
			"to": [9.5, 0.5, 9],
			"rotation": {"angle": 0, "axis": "y", "origin": [7.5, 0, 7.5]},
			"faces": {
				"north": {"uv": [8, 6, 9, 0], "rotation": 270, "texture": "#cup"},
				"east": {"uv": [10, 4, 9, 0], "rotation": 270, "texture": "#cup"},
				"south": {"uv": [8, 6, 9, 0], "rotation": 270, "texture": "#cup"},
				"west": {"uv": [9, 4, 10, 0], "rotation": 270, "texture": "#cup"},
				"up": {"uv": [4, 0, 8, 6], "rotation": 270, "texture": "#cup"},
				"down": {"uv": [4, 0, 8, 6], "rotation": 270, "texture": "#cup"}
			}
		},
		{
			"from": [7, 0, 6.5],
			"to": [9, 0.5, 9.5],
			"rotation": {"angle": 0, "axis": "y", "origin": [7.5, 0, 7.5]},
			"faces": {
				"north": {"uv": [10, 4, 9, 0], "rotation": 270, "texture": "#cup"},
				"east": {"uv": [8, 6, 9, 0], "rotation": 270, "texture": "#cup"},
				"south": {"uv": [10, 4, 9, 0], "rotation": 270, "texture": "#cup"},
				"west": {"uv": [8, 6, 9, 0], "rotation": 270, "texture": "#cup"},
				"up": {"uv": [0, 0, 4, 6], "texture": "#cup"},
				"down": {"uv": [0, 0, 4, 6], "texture": "#cup"}
			}
		},
		{
			"from": [7.5, 0.5, 7.5],
			"to": [8.5, 2, 8.5],
			"rotation": {"angle": 0, "axis": "y", "origin": [8.25, 1, 7.75]},
			"faces": {
				"north": {"uv": [10, 0, 12, 3], "texture": "#cup"},
				"east": {"uv": [12, 0, 10, 3], "texture": "#cup"},
				"south": {"uv": [10, 0, 12, 3], "texture": "#cup"},
				"west": {"uv": [12, 0, 10, 3], "texture": "#cup"}
			}
		},
		{
			"name": "bottom",
			"from": [6.5, 2, 6.5],
			"to": [9.5, 2.5, 9.5],
			"rotation": {"angle": 0, "axis": "y", "origin": [6.5, 2, 7.5]},
			"faces": {
				"north": {"uv": [16, 15, 10, 14], "texture": "#cup"},
				"east": {"uv": [16, 9, 15, 15], "rotation": 270, "texture": "#cup"},
				"south": {"uv": [10, 9, 16, 10], "texture": "#cup"},
				"west": {"uv": [10, 15, 11, 9], "rotation": 270, "texture": "#cup"},
				"down": {"uv": [10, 9, 16, 15], "texture": "#cup"}
			}
		},
		{
			"from": [6.5, 2.5, 6],
			"to": [9.5, 5.5, 6.5],
			"rotation": {"angle": 0, "axis": "y", "origin": [6.5, 2.5, 4.5]},
			"faces": {
				"north": {"uv": [0, 12, 6, 6], "texture": "#cup"},
				"east": {"uv": [10, 3, 11, 9], "texture": "#cup"},
				"west": {"uv": [15, 3, 16, 9], "texture": "#cup"},
				"up": {"uv": [16, 3, 10, 4], "texture": "#cup"},
				"down": {"uv": [16, 8, 10, 9], "texture": "#cup"}
			}
		},
		{
			"from": [9.5, 2.5, 6],
			"to": [6.5, 5.5, 6.5],
			"rotation": {"angle": 0, "axis": "y", "origin": [9.5, 6.5, 4.5]},
			"faces": {
				"north": {"uv": [6, 12, 0, 6], "texture": "#cup"},
				"east": {"uv": [15, 3, 16, 9], "texture": "#cup"},
				"west": {"uv": [10, 3, 11, 9], "texture": "#cup"},
				"up": {"uv": [16, 3, 10, 4], "texture": "#cup"},
				"down": {"uv": [10, 8, 16, 9], "texture": "#cup"}
			}
		},
		{
			"from": [6.5, 2.5, 9.5],
			"to": [9.5, 5.5, 10],
			"rotation": {"angle": 0, "axis": "y", "origin": [6.5, 2.5, 8.5]},
			"faces": {
				"east": {"uv": [15, 3, 16, 9], "texture": "#cup"},
				"south": {"uv": [0, 12, 6, 6], "texture": "#cup"},
				"west": {"uv": [10, 3, 11, 9], "texture": "#cup"},
				"up": {"uv": [16, 3, 10, 4], "texture": "#cup"},
				"down": {"uv": [10, 8, 16, 9], "texture": "#cup"}
			}
		},
		{
			"from": [9.5, 2.5, 9.5],
			"to": [6.5, 5.5, 10],
			"rotation": {"angle": 0, "axis": "y", "origin": [9.5, 2.5, 8.5]},
			"faces": {
				"east": {"uv": [10, 3, 11, 9], "texture": "#cup"},
				"south": {"uv": [6, 12, 0, 6], "texture": "#cup"},
				"west": {"uv": [15, 3, 16, 9], "texture": "#cup"},
				"up": {"uv": [16, 3, 10, 4], "texture": "#cup"},
				"down": {"uv": [16, 9, 10, 8], "texture": "#cup"}
			}
		},
		{
			"from": [9.5, 2.5, 6.5],
			"to": [10, 5.5, 9.5],
			"rotation": {"angle": 0, "axis": "y", "origin": [11.5, 2.5, 6.5]},
			"faces": {
				"north": {"uv": [10, 3, 11, 9], "texture": "#cup"},
				"east": {"uv": [6, 12, 0, 6], "texture": "#cup"},
				"south": {"uv": [15, 3, 16, 9], "texture": "#cup"},
				"up": {"uv": [10, 4, 16, 3], "rotation": 270, "texture": "#cup"},
				"down": {"uv": [10, 8, 16, 9], "rotation": 270, "texture": "#cup"}
			}
		},
		{
			"from": [9.5, 2.5, 9.5],
			"to": [10, 5.5, 6.5],
			"rotation": {"angle": 0, "axis": "y", "origin": [11.5, 2.5, 9.5]},
			"faces": {
				"north": {"uv": [15, 3, 16, 9], "texture": "#cup"},
				"east": {"uv": [0, 12, 6, 6], "texture": "#cup"},
				"south": {"uv": [10, 3, 11, 9], "texture": "#cup"},
				"up": {"uv": [10, 4, 16, 3], "rotation": 270, "texture": "#cup"},
				"down": {"uv": [16, 8, 10, 9], "rotation": 270, "texture": "#cup"}
			}
		},
		{
			"from": [6, 2.5, 6.5],
			"to": [6.5, 5.5, 9.5],
			"rotation": {"angle": 0, "axis": "y", "origin": [7.5, 2.5, 6.5]},
			"faces": {
				"north": {"uv": [15, 3, 16, 9], "texture": "#cup"},
				"south": {"uv": [10, 3, 11, 9], "texture": "#cup"},
				"west": {"uv": [6, 12, 0, 6], "texture": "#cup"},
				"up": {"uv": [10, 3, 16, 4], "rotation": 270, "texture": "#cup"},
				"down": {"uv": [16, 8, 10, 9], "rotation": 270, "texture": "#cup"}
			}
		},
		{
			"from": [6, 2.5, 9.5],
			"to": [6.5, 5.5, 6.5],
			"rotation": {"angle": 0, "axis": "y", "origin": [7.5, 2.5, 9.5]},
			"faces": {
				"north": {"uv": [10, 3, 11, 9], "texture": "#cup"},
				"south": {"uv": [15, 3, 16, 9], "texture": "#cup"},
				"west": {"uv": [0, 12, 6, 6], "texture": "#cup"},
				"up": {"uv": [16, 4, 10, 3], "rotation": 270, "texture": "#cup"},
				"down": {"uv": [10, 8, 16, 9], "rotation": 270, "texture": "#cup"}
			}
		},
		{
			"from": [6.7, 4.75, 7.8],
			"to": [8.2, 6.25, 9.3],
			"rotation": {"angle": 22.5, "axis": "x", "origin": [7, 5.25, 8.35]},
			"faces": {
				"north": {"uv": [8, 0, 11, 3], "texture": "#custard"},
				"east": {"uv": [11, 3, 14, 6], "texture": "#custard"},
				"south": {"uv": [11, 0, 14, 3], "texture": "#custard"},
				"west": {"uv": [8, 3, 11, 6], "texture": "#custard"},
				"up": {"uv": [11, 9, 8, 6], "texture": "#custard"}
			}
		},
		{
			"from": [7.2, 5.75, 9.1],
			"to": [7.45, 6.5, 9.35],
			"rotation": {"angle": 0, "axis": "y", "origin": [7, 6.88687, 8.42559]},
			"faces": {
				"north": {"uv": [14, 0, 15, 3], "texture": "#custard"},
				"east": {"uv": [14, 0, 15, 3], "texture": "#custard"},
				"south": {"uv": [14, 0, 15, 3], "texture": "#custard"},
				"west": {"uv": [14, 0, 15, 3], "texture": "#custard"},
				"up": {"uv": [14, 0, 15, 1], "texture": "#custard"}
			}
		},
		{
			"from": [6.5, 6.05, 9.5],
			"to": [8, 6.05, 10.5],
			"rotation": {"angle": 22.5, "axis": "x", "origin": [6.9, 7.07728, 9.91327]},
			"faces": {
				"up": {"uv": [11, 7, 16, 10], "texture": "#custard"},
				"down": {"uv": [11, 7, 16, 10], "texture": "#custard"}
			}
		},
		{
			"from": [6.5, 6.01788, 10.96014],
			"to": [8, 6.01788, 11.21014],
			"rotation": {"angle": 45, "axis": "x", "origin": [6.9, 7.04516, 10.37341]},
			"faces": {
				"up": {"uv": [11, 10, 16, 11], "texture": "#custard"},
				"down": {"uv": [11, 10, 16, 11], "texture": "#custard"}
			}
		},
		{
			"from": [6.2, 5.65201, 10.3184],
			"to": [7.7, 6.15201, 10.3184],
			"rotation": {"angle": -22.5, "axis": "x", "origin": [6.85, 5.73874, 11.34568]},
			"faces": {
				"north": {"uv": [10, 11, 15, 13], "texture": "#custard"},
				"south": {"uv": [10, 11, 15, 13], "texture": "#custard"}
			}
		},
		{
			"from": [6.5, 6.28627, 8.63872],
			"to": [8, 6.28627, 9.13872],
			"rotation": {"angle": 0, "axis": "x", "origin": [6.9, 7.31355, 8.05199]},
			"faces": {
				"up": {"uv": [11, 6, 16, 7], "texture": "#custard"},
				"down": {"uv": [11, 6, 16, 7], "texture": "#custard"}
			}
		},
		{
			"from": [6.5, 2.5, 6.5],
			"to": [9.5, 5.25, 9.5],
			"rotation": {"angle": 0, "axis": "y", "origin": [7.5, 2.5, 6.5]},
			"faces": {
				"north": {"uv": [0, 0, 8, 8], "texture": "#custard"},
				"east": {"uv": [8, 0, 0, 8], "texture": "#custard"},
				"south": {"uv": [0, 0, 8, 8], "texture": "#custard"},
				"west": {"uv": [8, 0, 0, 8], "texture": "#custard"},
				"up": {"uv": [0, 8, 8, 16], "texture": "#custard"}
			}
		}
	]
}