{
	"credit": "Made with Blockbench",
	"parent": "farmers3d/thin_block",
	"texture_size": [32, 32],
	"textures": {
		"hamburger": "farmers3d/hamburger",
		"particle": "farmersdelight:item/hamburger"
	},
	"elements": [
		{
			"name": "0",
			"from": [-0.5, 3.051, 8.5],
			"to": [2.5, 3.451, 11.5],
			"rotation": {"angle": 22.5, "axis": "y", "origin": [0, 0.55, 0]},
			"faces": {
				"north": {"uv": [0, 4, 4, 4.5], "texture": "#hamburger"},
				"east": {"uv": [0.5, 8, 0, 4], "rotation": 270, "texture": "#hamburger"},
				"south": {"uv": [0, 7.5, 4, 8], "texture": "#hamburger"},
				"west": {"uv": [3.5, 8, 4, 4], "rotation": 270, "texture": "#hamburger"},
				"up": {"uv": [0, 4, 4, 8], "texture": "#hamburger"},
				"down": {"uv": [0, 4, 4, 8], "texture": "#hamburger"}
			}
		},
		{
			"name": "1",
			"from": [8.75, 3.051, 7.75],
			"to": [12.75, 3.451, 11.75],
			"rotation": {"angle": 0, "axis": "y", "origin": [0, 0.55, 0]},
			"faces": {
				"north": {"uv": [0, 4, 4, 4.5], "texture": "#hamburger"},
				"east": {"uv": [0.5, 8, 0, 4], "rotation": 270, "texture": "#hamburger"},
				"south": {"uv": [0, 7.5, 4, 8], "texture": "#hamburger"},
				"west": {"uv": [3.5, 8, 4, 4], "rotation": 270, "texture": "#hamburger"},
				"up": {"uv": [0, 4, 4, 8], "texture": "#hamburger"},
				"down": {"uv": [0, 4, 4, 8], "texture": "#hamburger"}
			}
		},
		{
			"name": "2",
			"from": [7.5, 3.051, -0.5],
			"to": [11, 3.451, 3],
			"rotation": {"angle": -22.5, "axis": "y", "origin": [0, 0.55, 0]},
			"faces": {
				"north": {"uv": [0, 4, 4, 4.5], "texture": "#hamburger"},
				"east": {"uv": [0.5, 8, 0, 4], "rotation": 270, "texture": "#hamburger"},
				"south": {"uv": [0, 7.5, 4, 8], "texture": "#hamburger"},
				"west": {"uv": [3.5, 8, 4, 4], "rotation": 270, "texture": "#hamburger"},
				"up": {"uv": [0, 4, 4, 8], "texture": "#hamburger"},
				"down": {"uv": [0, 4, 4, 8], "texture": "#hamburger"}
			}
		},
		{
			"name": "cabbage",
			"from": [-5.35, 3.05, 6.9],
			"to": [4.65, 3.05, 16.9],
			"rotation": {"angle": 45, "axis": "y", "origin": [0, -0.45, 0]},
			"faces": {
				"up": {"uv": [4, 4, 8, 8], "rotation": 90, "texture": "#hamburger"},
				"down": {"uv": [4, 8, 8, 4], "rotation": 270, "texture": "#hamburger"}
			}
		},
		{
			"name": "0",
			"from": [4.2, 1.5, 4.2],
			"to": [11.8, 3, 11.8],
			"rotation": {"angle": 0, "axis": "y", "origin": [0, -0.5, 0]},
			"faces": {
				"north": {"uv": [8, 4, 12, 5], "texture": "#hamburger"},
				"east": {"uv": [8, 5, 12, 6], "texture": "#hamburger"},
				"south": {"uv": [8, 4, 12, 5], "texture": "#hamburger"},
				"west": {"uv": [8, 5, 12, 6], "texture": "#hamburger"},
				"up": {"uv": [4, 0, 8, 4], "texture": "#hamburger"}
			}
		},
		{
			"name": "0",
			"from": [4.25, 5.95, 4.25],
			"to": [11.75, 6.95, 11.75],
			"rotation": {"angle": 0, "axis": "y", "origin": [0, -0.3, 0]},
			"faces": {
				"north": {"uv": [12, 6, 8, 6.5], "texture": "#hamburger"},
				"east": {"uv": [12, 6, 8, 6.5], "texture": "#hamburger"},
				"south": {"uv": [8, 6, 12, 6.5], "texture": "#hamburger"},
				"west": {"uv": [8, 6, 12, 6.5], "texture": "#hamburger"},
				"up": {"uv": [0, 0, 4, 4], "texture": "#hamburger"}
			}
		},
		{
			"name": "1",
			"from": [4, 3.45, 4],
			"to": [12, 5.95, 12],
			"rotation": {"angle": 0, "axis": "y", "origin": [0, -0.3, 0]},
			"faces": {
				"north": {"uv": [12, 6.5, 8, 8], "texture": "#hamburger"},
				"east": {"uv": [8, 6.5, 12, 8], "texture": "#hamburger"},
				"south": {"uv": [12, 6.5, 8, 8], "texture": "#hamburger"},
				"west": {"uv": [8, 6.5, 12, 8], "texture": "#hamburger"},
				"up": {"uv": [0, 0, 4, 4], "texture": "#hamburger"},
				"down": {"uv": [0, 4, 4, 0], "texture": "#hamburger"}
			}
		},
		{
			"name": "0",
			"from": [4, 0, 4],
			"to": [12, 1.5, 12],
			"rotation": {"angle": 0, "axis": "y", "origin": [0.25, -0.5, 0.25]},
			"faces": {
				"north": {"uv": [8, 3, 12, 4], "texture": "#hamburger"},
				"east": {"uv": [8, 3, 12, 4], "texture": "#hamburger"},
				"south": {"uv": [12, 3, 8, 4], "texture": "#hamburger"},
				"west": {"uv": [8, 3, 12, 4], "texture": "#hamburger"},
				"up": {"uv": [0, 0, 4, 4], "rotation": 180, "texture": "#hamburger"},
				"down": {"uv": [0, 4, 4, 0], "rotation": 180, "texture": "#hamburger", "cullface": "down"}
			}
		},
		{
			"name": "0",
			"from": [4.6, 3.5, 11.35],
			"to": [5.6, 3.5, 12.35],
			"rotation": {"angle": 0, "axis": "y", "origin": [0, -0.35, -0.4]},
			"faces": {
				"up": {"uv": [0, 7, 1, 7.5], "rotation": 270, "texture": "#hamburger"},
				"down": {"uv": [1.5, 7.5, 2.25, 7], "texture": "#hamburger"}
			}
		},
		{
			"name": "1",
			"from": [4.6, 1.5, 12.35],
			"to": [5.6, 3.5, 12.35],
			"rotation": {"angle": 0, "axis": "y", "origin": [0, -0.35, -0.4]},
			"faces": {
				"north": {"uv": [1.5, 7, 0, 7.5], "rotation": 270, "texture": "#hamburger"},
				"east": {"uv": [0, 0, 0, 0], "texture": "#hamburger"},
				"south": {"uv": [2.5, 7, 3.5, 7.5], "rotation": 270, "texture": "#hamburger"},
				"west": {"uv": [0, 0, 0, 0], "texture": "#hamburger"},
				"up": {"uv": [0, 0, 0, 0], "texture": "#hamburger"},
				"down": {"uv": [0, 0, 0, 0], "texture": "#hamburger"}
			}
		}
	],
	"display": {
		"firstperson_righthand": {
			"rotation": [0, 135, 0],
			"translation": [-1, 8, 0]
		},
		"ground": {
			"translation": [0, 3, 0],
			"scale": [0.5, 0.5, 0.5]
		},
		"head": {
			"rotation": [0, 180, 0],
			"translation": [0, 16, 0],
			"scale": [3, 3, 3]
		}
	}
}