{
	"credit": "Made with Blockbench",
	"parent": "farmers3d/3d_model",
	"textures": {
		"0": "farmers3d/horse_feed"
	},
	"elements": [
		{
			"from": [4, 0, 4],
			"to": [12, 6, 12],
			"rotation": {"angle": 0, "axis": "y", "origin": [7, 0, 7]},
			"faces": {
				"north": {"uv": [0, 0, 8, 6], "texture": "#0"},
				"east": {"uv": [8, 0, 0, 6], "texture": "#0"},
				"south": {"uv": [0, 0, 8, 6], "texture": "#0"},
				"west": {"uv": [8, 0, 0, 6], "texture": "#0"},
				"up": {"uv": [8, 6, 0, 14], "texture": "#0"},
				"down": {"uv": [0, 6, 8, 14], "texture": "#0"}
			}
		},
		{
			"from": [4, 6, 4],
			"to": [12, 9, 4],
			"rotation": {"angle": -45, "axis": "x", "origin": [4, 6, 4]},
			"faces": {
				"north": {"uv": [8, 4, 16, 1], "texture": "#0"},
				"south": {"uv": [16, 4, 8, 1], "texture": "#0"}
			}
		},
		{
			"from": [4, 6, 4],
			"to": [4, 9, 12],
			"rotation": {"angle": 45, "axis": "z", "origin": [4, 6, 4]},
			"faces": {
				"east": {"uv": [16, 0, 8, 3], "texture": "#0"},
				"west": {"uv": [8, 0, 16, 3], "texture": "#0"}
			}
		},
		{
			"from": [4, 6, 12],
			"to": [12, 9, 12],
			"rotation": {"angle": 45, "axis": "x", "origin": [4, 6, 12]},
			"faces": {
				"north": {"uv": [16, 4, 8, 1], "texture": "#0"},
				"south": {"uv": [8, 4, 16, 1], "texture": "#0"}
			}
		},
		{
			"from": [12, 6, 4],
			"to": [12, 9, 12],
			"rotation": {"angle": -45, "axis": "z", "origin": [12, 6, 4]},
			"faces": {
				"east": {"uv": [8, 0, 16, 3], "texture": "#0"},
				"west": {"uv": [16, 0, 8, 3], "texture": "#0"}
			}
		},
		{
			"from": [8.26, 6, 5.95],
			"to": [10.26, 8, 10.95],
			"rotation": {"angle": -22.5, "axis": "y", "origin": [10.26386, 6, 4.94149]},
			"faces": {
				"north": {"uv": [8, 10, 11, 13], "texture": "#0"},
				"east": {"uv": [8, 10, 16, 7], "texture": "#0"},
				"south": {"uv": [11, 10, 8, 13], "texture": "#0"},
				"west": {"uv": [8, 7, 16, 4], "texture": "#0"},
				"up": {"uv": [16, 10, 8, 7], "rotation": 90, "texture": "#0"}
			}
		},
		{
			"from": [8.79117, 6.5, 4.75896],
			"to": [9.79117, 7.5, 5.75896],
			"rotation": {"angle": -22.5, "axis": "y", "origin": [9.79923, 6.5, 4.76762]},
			"faces": {
				"north": {"uv": [9, 11, 10, 12], "texture": "#0"},
				"east": {"uv": [8, 11, 9, 12], "texture": "#0"},
				"west": {"uv": [10, 11, 11, 12], "texture": "#0"},
				"up": {"uv": [9, 10, 10, 11], "rotation": 90, "texture": "#0"},
				"down": {"uv": [9, 12, 10, 13], "rotation": 270, "texture": "#0"}
			}
		},
		{
			"from": [5.80345, 5.5, 11.76628],
			"to": [8.80345, 8.5, 11.76628],
			"rotation": {"angle": -22.5, "axis": "y", "origin": [8.82628, 3.501, 9.76826]},
			"faces": {
				"north": {"uv": [11, 10, 16, 15], "rotation": 270, "texture": "#0"},
				"south": {"uv": [11, 10, 16, 15], "texture": "#0"}
			}
		},
		{
			"from": [7.72, 6.5, 10.64],
			"to": [7.72, 7.5, 11.64],
			"rotation": {"angle": -22.5, "axis": "y", "origin": [8.72642, 4.5, 8.63859]},
			"faces": {
				"north": {"uv": [0, 0, 0, 1], "texture": "#0"},
				"east": {"uv": [14, 14, 15, 15], "texture": "#0"},
				"south": {"uv": [0, 0, 0, 1], "texture": "#0"},
				"west": {"uv": [12, 10, 13, 11], "texture": "#0"},
				"up": {"uv": [0, 0, 1, 0], "rotation": 90, "texture": "#0"},
				"down": {"uv": [0, 0, 1, 0], "rotation": 270, "texture": "#0"}
			}
		},
		{
			"from": [7.26, 7, 10.45],
			"to": [8.26, 7, 11.45],
			"rotation": {"angle": -22.5, "axis": "y", "origin": [8.2654, 5.998, 8.44763]},
			"faces": {
				"up": {"uv": [15, 11, 16, 12], "rotation": 90, "texture": "#0"},
				"down": {"uv": [11, 13, 12, 14], "rotation": 270, "texture": "#0"}
			}
		}
	],
	"gui_light": "front",
	"display": {
		"thirdperson_righthand": {
			"rotation": [75, 135, 0],
			"translation": [0, 4.25, 4],
			"scale": [0.6, 0.6, 0.6]
		},
		"firstperson_righthand": {
			"rotation": [0, 135, 0],
			"translation": [0, 4, 0]
		},
		"ground": {
			"translation": [0, 3, 0],
			"scale": [0.5, 0.5, 0.5]
		},
		"gui": {
			"rotation": [-150, 40, 180],
			"translation": [0, 3, 0]
		},
		"head": {
			"translation": [0, 9, 0]
		},
		"fixed": {
			"translation": [0, 7.7, 0],
			"scale": [1.5, 1.5, 1.5]
		}
	}
}