{
	"credit": "Made with Blockbench",
	"texture_size": [3, 16],
	"textures": {
		"0": "farmers3d/kelp_roll",
		"particle": "farmers3d/kelp_roll"
	},
	"elements": [
		{
			"name": "kelp_roll_slice",
			"from": [6, 0, 6],
			"to": [9, 12, 9],
			"faces": {
				"north": {"uv": [0, 15, 16, 3], "texture": "#0"},
				"east": {"uv": [0, 3, 16, 15], "texture": "#0"},
				"south": {"uv": [0, 3, 16, 15], "texture": "#0"},
				"west": {"uv": [0, 3, 16, 15], "texture": "#0"},
				"up": {"uv": [0, 0, 16, 3], "texture": "#0"},
				"down": {"uv": [0, 0, 16, 3], "texture": "#0"}
			}
		}
	],
	"gui_light": "front",
	"display": {
		"thirdperson_righthand": {
			"translation": [0.25, 3.25, 1.5],
			"scale": [0.5, 0.5, 0.5]
		},
		"firstperson_righthand": {
			"translation": [0.5, 4.25, 0]
		},
        "ground": {
            "rotation": [ 0, 0, 0 ],
            "translation": [ 0, 3, 0],
            "scale":[ 0.5, 0.5, 0.5 ]
        },
		"gui": {
			"rotation": [-30, 0, -30],
			"translation": [1.75, 1.75, 0],
			"scale": [1.2, 1.2, 1.2]
		},
		"head": {
			"rotation": [0, 0, -90],
			"translation": [2, -4.5, -7.25]
		},
		"fixed": {
			"rotation": [90, 180, 0],
			"translation": [-0.5, -2.2, 2]
		}
	}
}