{
	"credit": "Made with Blockbench",
	"parent": "block/block",
	"texture_size": [3, 16],
	"textures": {
		"particle": "farmers3d/kelp_roll",
		"food": "farmers3d/kelp_roll"
	},
	"elements": [
		{
			"name": "kelp_roll_slice",
			"from": [6, 0, 6],
			"to": [9, 3, 9],
			"faces": {
				"north": {"uv": [0, 12, 16, 15], "texture": "#food"},
				"east": {"uv": [0, 12, 16, 15], "texture": "#food"},
				"south": {"uv": [0, 12, 16, 15], "texture": "#food"},
				"west": {"uv": [0, 12, 16, 15], "texture": "#food"},
				"up": {"uv": [0, 0, 16, 3], "texture": "#food"},
				"down": {"uv": [0, 0, 16, 3], "texture": "#food"}
			}
		}
	],
	"gui_light": "front",
	"display": {
		"thirdperson_righthand": {
			"rotation": [75, 45, 0],
			"translation": [0, 2, 4.5],
			"scale": [0.6, 0.6, 0.6]
		},
		"firstperson_righthand": {
			"rotation": [0, 45, 0],
			"translation": [1, 7, 0]
		},
        "ground": {
            "rotation": [ 0, 0, 0 ],
            "translation": [ 0, 3, 0],
            "scale":[ 0.5, 0.5, 0.5 ]
        },
		"gui": {
			"rotation": [30, 225, 0],
			"translation": [-1.5, 11, 0],
			"scale": [2.25, 2.25, 2.25]
		},
		"head": {
			"translation": [0.5, 14.5, 0.5]
		},
		"fixed": {
			"translation": [0, 3.85, 0]
		}
	}
}