{
	"credit": "Made with Blockbench",
	"textures": {
		"0": "farmers3d/melon_popsicle",
		"particle": "farmers3d/melon_popsicle"
	},
	"elements": [
		{
			"name": "stick",
			"from": [7.85, 0, 7.65],
			"to": [8.15, 4.5, 8.35],
			"rotation": {"angle": 0, "axis": "y", "origin": [9, 9, 8]},
			"faces": {
				"north": {"uv": [0, 2, 2, 12], "texture": "#0"},
				"east": {"uv": [0, 2, 2, 12], "rotation": 180, "texture": "#0"},
				"south": {"uv": [0, 2, 2, 12], "texture": "#0"},
				"west": {"uv": [0, 2, 2, 12], "rotation": 180, "texture": "#0"},
				"down": {"uv": [0, 12, 2, 14], "texture": "#0", "cullface": "down"}
			}
		},
		{
			"from": [7.5, 1, 7],
			"to": [8.5, 5, 9],
			"faces": {
				"north": {"uv": [10, 1, 14, 16], "texture": "#0"},
				"east": {"uv": [2, 1, 10, 16], "texture": "#0"},
				"south": {"uv": [10, 1, 14, 16], "texture": "#0"},
				"west": {"uv": [2, 1, 10, 16], "texture": "#0"},
				"up": {"uv": [2, 0, 10, 2], "rotation": 270, "texture": "#0"},
				"down": {"uv": [2, 15, 14, 16], "rotation": 270, "texture": "#0"}
			}
		},
		{
			"from": [7.6, 5, 7.1],
			"to": [8.4, 5.25, 8.9],
			"faces": {
				"north": {"uv": [10, 0, 14, 1], "texture": "#0"},
				"east": {"uv": [2, 0, 10, 1], "texture": "#0"},
				"south": {"uv": [10, 0, 14, 1], "texture": "#0"},
				"west": {"uv": [2, 0, 10, 1], "texture": "#0"},
				"up": {"uv": [2, 0, 10, 2], "rotation": 270, "texture": "#0"}
			}
		}
	],
	"gui_light": "front",
	"display": {
		"thirdperson_righthand": {
			"translation": [0, 9.5, 1],
			"scale": [1.25, 1.25, 1.25]
		},
		"firstperson_righthand": {
			"translation": [0, 8.75, 0],
			"scale": [1.25, 1.25, 1.25]
		},
        "ground": {
            "rotation": [ 0, 0, 0 ],
            "translation": [ 0, 3, 0],
            "scale":[ 0.5, 0.5, 0.5 ]
        },
		"gui": {
			"rotation": [20, 50, -40],
			"translation": [4, 9.25, 0],
			"scale": [2, 2, 2]
		},
		"head": {
			"rotation": [0, 0, -90],
			"translation": [10, -4, -8],
			"scale": [2, 2, 2]
		},
		"fixed": {
			"rotation": [0, 180, 90],
			"translation": [9.3, -3.27, 0],
			"scale": [1.75, 1.75, 1.75]
		}
	}
}