{
	"credit": "Made with Blockbench",
	"parent": "item/bowl",
	"texture_size": [32, 32],
	"textures": {
		"bowl": "farmers3d/bowl",
		"particle": "farmers3d/noodle_soup",
		"ramen": "farmers3d/noodle_soup"
	},
	"elements": [
		{
			"name": "negi",
			"from": [5.5, 3.75, 9],
			"to": [6.5, 3.75, 10],
			"faces": {
				"up": {"uv": [10.5, 5, 11.5, 6], "rotation": 90, "texture": "#ramen"}
			}
		},
		{
			"name": "negi",
			"from": [6.25, 3.75, 8.5],
			"to": [7.25, 3.75, 9.5],
			"rotation": {"angle": 0, "axis": "y", "origin": [0.5, 0, 0.5]},
			"faces": {
				"up": {"uv": [10.5, 5, 11.5, 6], "rotation": 90, "texture": "#ramen"}
			}
		},
		{
			"name": "soup",
			"from": [5, 3.5, 5],
			"to": [11, 3.5, 11],
			"faces": {
				"up": {"uv": [4.5, 0, 10.5, 6], "texture": "#ramen"}
			}
		},
		{
			"name": "noodle",
			"from": [5, 2.5, 5],
			"to": [10, 3.7, 8.5],
			"faces": {
				"east": {"uv": [14, 0, 10.5, 0.5], "texture": "#ramen"},
				"south": {"uv": [13.5, 5, 14, 0], "rotation": 270, "texture": "#ramen"},
				"up": {"uv": [10.5, 0, 14, 5], "rotation": 90, "texture": "#ramen"}
			}
		},
		{
			"name": "noodle",
			"from": [7.75, 2.5, 5],
			"to": [11, 3.6, 9.5],
			"rotation": {"angle": 0, "axis": "y", "origin": [0, 0, 16]},
			"faces": {
				"south": {"uv": [10.5, 5, 14, 4.5], "texture": "#ramen"},
				"west": {"uv": [10.5, 0, 11, 5], "rotation": 270, "texture": "#ramen"},
				"up": {"uv": [14, 5, 10.5, 0], "texture": "#ramen"}
			}
		},
		{
			"name": "egg",
			"from": [8.5, 6.5, 7.925],
			"to": [10.5, 9, 8.625],
			"rotation": {"angle": 22.5, "axis": "x", "origin": [0, 0, -0.075]},
			"faces": {
				"north": {"uv": [1.5, 3.5, 4.5, 0], "rotation": 180, "texture": "#ramen"},
				"east": {"uv": [4, 0, 4.5, 3.5], "texture": "#ramen"},
				"south": {"uv": [1.5, 0, 4.5, 3.5], "texture": "#ramen"},
				"west": {"uv": [1.5, 3.5, 2, 0], "rotation": 180, "texture": "#ramen"},
				"up": {"uv": [4.5, 0, 1.5, 0.5], "texture": "#ramen"}
			}
		},
		{
			"name": "kelp",
			"from": [5, 8, 4.75],
			"to": [8, 13, 4.75],
			"rotation": {"angle": 45, "axis": "x", "origin": [0, 0, 0]},
			"faces": {
				"north": {"uv": [0, 3.5, 1.5, 1], "texture": "#ramen"},
				"south": {"uv": [1.5, 3.5, 0, 1], "texture": "#ramen"}
			}
		},
		{
			"name": "bottom",
			"from": [5, 0, 5],
			"to": [11, 1, 11],
			"rotation": {"angle": 0, "axis": "y", "origin": [7, 0, 8]},
			"faces": {
				"north": {"uv": [16, 0, 8, 1], "texture": "#bowl"},
				"east": {"uv": [15, 8, 16, 0], "rotation": 270, "texture": "#bowl"},
				"south": {"uv": [8, 7, 16, 8], "texture": "#bowl"},
				"west": {"uv": [9, 0, 8, 8], "rotation": 270, "texture": "#bowl"},
				"up": {"uv": [0, 0, 8, 8], "texture": "#bowl"},
				"down": {"uv": [8, 8, 16, 0], "texture": "#bowl"}
			}
		},
		{
			"name": "west",
			"from": [11, 1, 5],
			"to": [12, 4, 11],
			"rotation": {"angle": 0, "axis": "y", "origin": [14, 1, 8]},
			"faces": {
				"north": {"uv": [8, 12, 9, 16], "texture": "#bowl"},
				"east": {"uv": [16, 12, 8, 16], "texture": "#bowl"},
				"south": {"uv": [15, 12, 16, 16], "texture": "#bowl"},
				"west": {"uv": [8, 8, 16, 12], "texture": "#bowl"},
				"up": {"uv": [16, 13, 8, 12], "rotation": 270, "texture": "#bowl"},
				"down": {"uv": [8, 13, 16, 14], "rotation": 270, "texture": "#bowl"}
			}
		},
		{
			"name": "north",
			"from": [5, 1, 4],
			"to": [11, 4, 5],
			"rotation": {"angle": 0, "axis": "y", "origin": [8, 1, 2]},
			"faces": {
				"north": {"uv": [8, 12, 0, 16], "texture": "#bowl"},
				"east": {"uv": [7, 12, 8, 16], "texture": "#bowl"},
				"south": {"uv": [0, 8, 8, 12], "texture": "#bowl"},
				"west": {"uv": [0, 12, 1, 16], "texture": "#bowl"},
				"up": {"uv": [0, 12, 8, 13], "texture": "#bowl"},
				"down": {"uv": [0, 15, 8, 16], "texture": "#bowl"}
			}
		},
		{
			"name": "east",
			"from": [4, 1, 5],
			"to": [5, 4, 11],
			"rotation": {"angle": 0, "axis": "y", "origin": [2, 1, 8]},
			"faces": {
				"north": {"uv": [0, 12, 1, 16], "texture": "#bowl"},
				"east": {"uv": [8, 8, 0, 12], "texture": "#bowl"},
				"south": {"uv": [7, 12, 8, 16], "texture": "#bowl"},
				"west": {"uv": [0, 12, 8, 16], "texture": "#bowl"},
				"up": {"uv": [8, 12, 0, 13], "rotation": 270, "texture": "#bowl"},
				"down": {"uv": [0, 15, 8, 16], "rotation": 270, "texture": "#bowl"}
			}
		},
		{
			"name": "south",
			"from": [5, 1, 11],
			"to": [11, 4, 12],
			"rotation": {"angle": 0, "axis": "y", "origin": [8, 1, 14]},
			"faces": {
				"north": {"uv": [16, 8, 8, 12], "texture": "#bowl"},
				"east": {"uv": [15, 12, 16, 16], "texture": "#bowl"},
				"south": {"uv": [8, 12, 16, 16], "texture": "#bowl"},
				"west": {"uv": [8, 12, 9, 16], "texture": "#bowl"},
				"up": {"uv": [8, 12, 16, 13], "texture": "#bowl"},
				"down": {"uv": [8, 13, 16, 14], "texture": "#bowl"}
			}
		},
		{
			"name": "porkchop_0",
			"from": [10.9, 3.025, 2.2],
			"to": [12.9, 3.825, 4.6],
			"rotation": {"angle": -22.5, "axis": "y", "origin": [0.15, -0.225, -0.45]},
			"faces": {
				"north": {"uv": [0.5, 3.5, 1, 6], "rotation": 270, "texture": "#ramen"},
				"east": {"uv": [3.5, 3.5, 0.5, 4], "texture": "#ramen"},
				"south": {"uv": [3, 3.5, 3.5, 6], "rotation": 90, "texture": "#ramen"},
				"up": {"uv": [0.5, 3.5, 3.5, 6], "rotation": 90, "texture": "#ramen"}
			}
		},
		{
			"name": "porkchop_1",
			"from": [11.3, 3.025, 1.8],
			"to": [12.5, 3.725, 2.2],
			"rotation": {"angle": -22.5, "axis": "y", "origin": [0.15, -0.225, -0.45]},
			"faces": {
				"north": {"uv": [0, 4, 0.5, 5.5], "rotation": 270, "texture": "#ramen"},
				"east": {"uv": [0, 4, 0.5, 4.5], "texture": "#ramen"},
				"up": {"uv": [0, 4, 0.5, 5.5], "rotation": 90, "texture": "#ramen"}
			}
		},
		{
			"name": "porkchop_2",
			"from": [10.9, 3.025, 4.6],
			"to": [12.5, 3.725, 5],
			"rotation": {"angle": -22.5, "axis": "y", "origin": [0.15, -0.225, -0.45]},
			"faces": {
				"east": {"uv": [3.5, 4, 4, 4.5], "texture": "#ramen"},
				"south": {"uv": [3.5, 4, 4, 6], "rotation": 90, "texture": "#ramen"},
				"west": {"uv": [3.5, 5.5, 4, 6], "texture": "#ramen"},
				"up": {"uv": [3.5, 4, 4, 6], "rotation": 90, "texture": "#ramen"}
			}
		},
		{
			"name": "porkchop_3",
			"from": [11.3, 3.025, 5],
			"to": [12.1, 3.725, 5.4],
			"rotation": {"angle": -22.5, "axis": "y", "origin": [0.15, -0.225, -0.45]},
			"faces": {
				"east": {"uv": [4, 4.5, 4.5, 5], "texture": "#ramen"},
				"south": {"uv": [4, 4.5, 4.5, 5.5], "rotation": 90, "texture": "#ramen"},
				"west": {"uv": [4, 5, 4.5, 5.5], "texture": "#ramen"},
				"up": {"uv": [4, 4.5, 4.5, 5.5], "rotation": 90, "texture": "#ramen"}
			}
		},
		{
			"name": "porkchop_1",
			"from": [14, 3.2, -1.4],
			"to": [16, 4, 1],
			"rotation": {"angle": -45, "axis": "y", "origin": [3.25, -0.05, -4.05]},
			"faces": {
				"north": {"uv": [0.5, 3.5, 1, 6], "rotation": 270, "texture": "#ramen"},
				"east": {"uv": [3.5, 3.5, 0.5, 4], "texture": "#ramen"},
				"south": {"uv": [3, 3.5, 3.5, 6], "rotation": 90, "texture": "#ramen"},
				"west": {"uv": [0.5, 5.5, 3.5, 6], "texture": "#ramen"},
				"up": {"uv": [0.5, 3.5, 3.5, 6], "rotation": 90, "texture": "#ramen"}
			}
		},
		{
			"name": "porkchop_2",
			"from": [14.4, 3.2, -1.8],
			"to": [15.6, 3.9, -1.4],
			"rotation": {"angle": -45, "axis": "y", "origin": [3.25, -0.05, -4.05]},
			"faces": {
				"north": {"uv": [0, 4, 0.5, 5.5], "rotation": 270, "texture": "#ramen"},
				"east": {"uv": [0, 4, 0.5, 4.5], "texture": "#ramen"},
				"west": {"uv": [0, 5, 0.5, 5.5], "texture": "#ramen"},
				"up": {"uv": [0, 4, 0.5, 5.5], "rotation": 90, "texture": "#ramen"}
			}
		},
		{
			"name": "porkchop_3",
			"from": [14, 3.2, 1],
			"to": [15.6, 3.9, 1.4],
			"rotation": {"angle": -45, "axis": "y", "origin": [3.25, -0.05, -4.05]},
			"faces": {
				"east": {"uv": [3.5, 4, 4, 4.5], "texture": "#ramen"},
				"south": {"uv": [3.5, 4, 4, 6], "rotation": 90, "texture": "#ramen"},
				"west": {"uv": [3.5, 5.5, 4, 6], "texture": "#ramen"},
				"up": {"uv": [3.5, 4, 4, 6], "rotation": 90, "texture": "#ramen"}
			}
		},
		{
			"name": "porkchop_4",
			"from": [14.4, 3.2, 1.4],
			"to": [15.2, 3.9, 1.8],
			"rotation": {"angle": -45, "axis": "y", "origin": [3.25, -0.05, -4.05]},
			"faces": {
				"east": {"uv": [4, 4.5, 4.5, 5], "texture": "#ramen"},
				"south": {"uv": [4, 4.5, 4.5, 5.5], "rotation": 90, "texture": "#ramen"},
				"west": {"uv": [4, 5, 4.5, 5.5], "texture": "#ramen"},
				"up": {"uv": [4, 4.5, 4.5, 5.5], "rotation": 90, "texture": "#ramen"}
			}
		}
	],
	"gui_light": "front"
}