{
	"credit": "Made with Blockbench",
	"parent": "farmers3d/3d_pie",
	"textures": {
		"side": "farmersdelight:block/pie_side",
		"bottom": "farmersdelight:block/pie_bottom",
		"top": "farmers3d/pie_top",
		"particle": "farmersdelight:block/pie_side"
	},
	"elements": [
		{
			"from": [2, 0, 2],
			"to": [14, 1, 14],
			"faces": {
				"north": {"uv": [2, 15, 14, 16], "texture": "#side"},
				"east": {"uv": [2, 15, 14, 16], "texture": "#side"},
				"south": {"uv": [2, 15, 14, 16], "texture": "#side"},
				"west": {"uv": [2, 15, 14, 16], "texture": "#side"},
				"up": {"uv": [2, 2, 14, 14], "texture": "#bottom"},
				"down": {"uv": [2, 2, 14, 14], "texture": "#bottom", "cullface": "down"}
			}
		},
		{
			"from": [3, 1, 2],
			"to": [13, 4, 3],
			"faces": {
				"north": {"uv": [3, 12, 13, 15], "texture": "#side"},
				"south": {"uv": [3, 12, 13, 15], "texture": "#side"},
				"up": {"uv": [3, 13, 13, 14], "texture": "#top"}
			}
		},
		{
			"from": [3, 1, 13],
			"to": [13, 4, 14],
			"rotation": {"angle": 0, "axis": "y", "origin": [0, 0, 10]},
			"faces": {
				"north": {"uv": [3, 12, 13, 15], "texture": "#side"},
				"south": {"uv": [3, 12, 13, 15], "texture": "#side"},
				"up": {"uv": [3, 2, 13, 3], "texture": "#top"}
			}
		},
		{
			"from": [13, 1, 2],
			"to": [14, 4, 14],
			"faces": {
				"north": {"uv": [2, 12, 3, 15], "texture": "#side"},
				"east": {"uv": [2, 12, 14, 15], "texture": "#side"},
				"south": {"uv": [13, 12, 14, 15], "texture": "#side"},
				"west": {"uv": [2, 12, 14, 15], "texture": "#side"},
				"up": {"uv": [2, 2, 3, 14], "texture": "#top"}
			}
		},
		{
			"from": [2, 1, 2],
			"to": [3, 4, 14],
			"faces": {
				"north": {"uv": [13, 12, 14, 15], "texture": "#side"},
				"east": {"uv": [2, 12, 14, 15], "texture": "#side"},
				"south": {"uv": [2, 12, 3, 15], "texture": "#side"},
				"west": {"uv": [2, 12, 14, 15], "texture": "#side"},
				"up": {"uv": [13, 2, 14, 14], "texture": "#top"}
			}
		}
	],
	"display": {
		"thirdperson_righthand": {
			"rotation": [75, 45, 0],
			"translation": [0, 3.5, 2.25],
			"scale": [0.375, 0.375, 0.375]
		},
		"firstperson_righthand": {
			"rotation": [0, 45, 0],
			"translation": [0, 5, 0],
			"scale": [0.75, 0.75, 0.75]
		},
		"gui": {
			"rotation": [30, 45, 0],
			"translation": [0, 1.75, 0],
			"scale": [0.8, 0.8, 0.8]
		},
		"head": {
			"rotation": [90, 0, 0],
			"translation": [0, 0, -2]
		},
		"fixed": {
			"rotation": [0, 180, 0],
			"translation": [0, 3.85, 0]
		},
        "ground": {
            "rotation": [ 0, 0, 0 ],
            "translation": [ 0, 3, 0],
            "scale":[ 0.5, 0.5, 0.5 ]
        }
	}
}