{
    "parent": "farmersdelight:block/sweet_berry_cheesecake",
    "display": {
        "thirdperson_righthand": {
            "rotation": [75, 45, 0],
            "translation": [0, 3.5, 2.25],
            "scale": [0.375, 0.375, 0.375]
        },
        "firstperson_righthand": {
            "rotation": [0, 45, 0],
            "translation": [0, 5, 0],
            "scale": [0.75, 0.75, 0.75]
        },
        "gui": {
            "rotation": [30, 45, 0],
            "translation": [0, 1.75, 0],
            "scale": [0.8, 0.8, 0.8]
        },
        "head": {
            "rotation": [90, 0, 0],
            "translation": [0, 0, -2]
        },
        "fixed": {
			"rotation": [0, 180, 0],
			"translation": [0, 4, 0]
		},
        "ground": {
            "rotation": [ 0, 0, 0 ],
            "translation": [ 0, 3, 0],
            "scale":[ 0.5, 0.5, 0.5 ]
        }
    }
}