{
    "name":"ctov:village/jungle/starts",
    "fallback": "minecraft:empty",
    "elements": [
      {
        "weight": 4,
        "element": {
          "element_type": "minecraft:single_pool_element",
          "projection": "terrain_matching",
          "location": "ctov:village/jungle/roads/straight",
          "processors": "ctov:village/jungle/road"
        }
      },
      {
        "weight": 1,
        "element": {
          "element_type": "minecraft:single_pool_element",
          "projection": "terrain_matching",
          "location": "ctov:village/jungle/roads/t_1",
          "processors": "ctov:village/jungle/road"
        }
      },
      {
        "weight": 1,
        "element": {
          "element_type": "minecraft:single_pool_element",
          "projection": "terrain_matching",
          "location": "ctov:village/jungle/roads/t_2",
          "processors": "ctov:village/jungle/road"
        }
      }
      ,
      {
        "weight": 1,
        "element": {
          "element_type": "minecraft:single_pool_element",
          "projection": "terrain_matching",
          "location": "ctov:village/jungle/roads/t_3",
          "processors": "ctov:village/jungle/road"
        }
      },
      {
        "weight": 1,
        "element": {
          "element_type": "minecraft:single_pool_element",
          "projection": "terrain_matching",
          "location": "ctov:village/jungle/roads/bent_1",
          "processors": "ctov:village/jungle/road"
        }
      },
      {
        "weight": 1,
        "element": {
          "element_type": "minecraft:single_pool_element",
          "projection": "terrain_matching",
          "location": "ctov:village/jungle/roads/bent_2",
          "processors": "ctov:village/jungle/road"
        }
      },
      {
        "weight": 1,
        "element": {
          "element_type": "minecraft:single_pool_element",
          "projection": "terrain_matching",
          "location": "ctov:village/jungle/roads/inter",
          "processors": "ctov:village/jungle/road"
        }
      }
    ]
  }